timestamp,equity,cash
2005-01-03,100000.0,100000.0
2005-01-04,100000.0,100000.0
2005-01-05,100000.0,100000.0
2005-01-06,100000.0,100000.0
2005-01-07,100000.0,100000.0
2005-01-10,100000.0,100000.0
2005-01-11,100000.0,100000.0
2005-01-12,100000.0,100000.0
2005-01-13,100000.0,100000.0
2005-01-14,100000.0,100000.0
2005-01-18,100000.0,100000.0
2005-01-19,100000.0,100000.0
2005-01-20,100000.0,100000.0
2005-01-21,100000.0,100000.0
2005-01-24,100000.0,100000.0
2005-01-25,100000.0,100000.0
2005-01-26,100000.0,100000.0
2005-01-27,100000.0,100000.0
2005-01-28,100000.0,100000.0
2005-01-31,100000.0,100000.0
2005-02-01,100000.0,100000.0
2005-02-02,100000.0,100000.0
2005-02-03,100000.0,100000.0
2005-02-04,100000.0,100000.0
2005-02-07,100000.0,100000.0
2005-02-08,100000.0,100000.0
2005-02-09,100000.0,100000.0
2005-02-10,100000.0,100000.0
2005-02-11,100000.0,100000.0
2005-02-14,100000.0,100000.0
2005-02-15,100000.0,100000.0
2005-02-16,100000.0,100000.0
2005-02-17,100000.0,100000.0
2005-02-18,100000.0,100000.0
2005-02-22,100000.0,100000.0
2005-02-23,100000.0,100000.0
2005-02-24,100000.0,100000.0
2005-02-25,100000.0,100000.0
2005-02-28,100000.0,100000.0
2005-03-01,100000.0,100000.0
2005-03-02,100000.0,100000.0
2005-03-03,100000.0,100000.0
2005-03-04,100000.0,100000.0
2005-03-07,100000.0,100000.0
2005-03-08,100000.0,100000.0
2005-03-09,100000.0,100000.0
2005-03-10,100000.0,100000.0
2005-03-11,100000.0,100000.0
2005-03-14,100000.0,100000.0
2005-03-15,99295.81203895478,2154.62162461548
2005-03-16,103139.85337073711,99806.13549489883
2005-03-17,1256117.3043242325,813732.3859794965
2005-03-18,1255182.4817932479,813732.3859794965
2005-03-21,1252922.2616272797,813732.3859794965
2005-03-22,1246941.219831701,831452.8057548958
2005-03-23,1248186.3025642592,831452.8057548958
2005-03-24,1247156.4105079132,831452.8057548958
2005-03-28,1248423.8428297,831452.8057548958
2005-03-29,1245036.741132136,831452.8057548958
2005-03-30,1252880.713322993,831452.8057548958
2005-03-31,1252457.5903176027,831452.8057548958
2005-04-01,1250436.7454606206,826837.4909197004
2005-04-04,1250802.6506800563,826837.4909197004
2005-04-05,1252748.3460374982,826837.4909197004
2005-04-06,1254463.257957092,826837.4909197004
2005-04-07,1255518.3529553416,829117.9979549648
2005-04-08,1252146.4297698736,829117.9979549648
2005-04-11,1251734.0361965704,836237.4567124654
2005-04-12,1254002.6016748953,836237.4567124654
2005-04-13,1248882.724869371,840230.9507750277
2005-04-14,1245334.2238730565,855832.6504396574
2005-04-15,1241909.4317242233,901005.9305759994
2005-04-18,1242238.2238318054,901005.9305759994
2005-04-19,1243223.3600871828,928341.4933676985
2005-04-20,1238578.6288776663,928341.4933676985
2005-04-21,1243324.8867257293,876433.0217421706
2005-04-22,1241880.305430716,876433.0217421706
2005-04-25,1244778.3432341272,876433.0217421706
2005-04-26,1242080.053903645,876433.0217421706
2005-04-27,1243023.4181841072,876433.0217421706
2005-04-28,1241352.7571002971,910982.7526444924
2005-04-29,1246316.570521948,911184.7792772028
2005-05-02,1248206.2083460065,911184.7792772028
2005-05-03,1249828.63684046,911184.7792772028
2005-05-04,1252717.9149486658,905890.6842882272
2005-05-05,1251520.6398365137,905890.6842882272
2005-05-06,1251124.855228388,905890.6842882272
2005-05-09,1252566.1204616663,905890.6842882272
2005-05-10,1249336.1090314027,905890.6842882272
2005-05-11,1251631.6534013387,905890.6842882272
2005-05-12,1248593.535496903,911726.0984184269
2005-05-13,1246674.5287123304,940390.8399563414
2005-05-16,1249789.6910915952,940390.8399563414
2005-05-17,1251005.1005752664,940390.8399563414
2005-05-18,1253512.9499676805,940390.8399563414
2005-05-19,1254481.725569306,940390.8399563414
2005-05-20,1253043.2618918996,940390.8399563414
2005-05-23,1253986.5337579828,940390.8399563414
2005-05-24,1253377.823574124,940390.8399563414
2005-05-25,1252218.1214790922,940390.8399563414
2005-05-26,1253760.155138312,940390.8399563414
2005-05-27,1254093.0428355318,940390.8399563414
2005-05-31,1252422.0833411794,940390.8399563414
2005-06-01,1255543.231750546,940390.8399563414
2005-06-02,1256308.5950110536,940390.8399563414
2005-06-03,1254205.1657894235,940390.8399563414
2005-06-06,1254187.3804809866,958936.6374661742
2005-06-07,1254638.3211951074,958936.6374661742
2005-06-08,1254197.7379464922,958936.6374661742
2005-06-09,1255307.3069381532,958936.6374661742
2005-06-10,1254122.5609962759,958936.6374661742
2005-06-13,1253715.0263092336,958936.6374661742
2005-06-14,1253814.9004542646,958936.6374661742
2005-06-15,1253298.3282004087,948183.6563449592
2005-06-16,1253212.823511669,948183.6563449592
2005-06-17,1254560.044062683,948183.6563449592
2005-06-20,1254797.6327119558,948183.6563449592
2005-06-21,1253544.483191797,948183.6563449592
2005-06-22,1253776.3361364095,948183.6563449592
2005-06-23,1250722.8752830713,948183.6563449592
2005-06-24,1249211.2789868065,964404.5311478325
2005-06-27,1249646.1004043766,964404.5311478325
2005-06-28,1252848.4144877144,964404.5311478325
2005-06-29,1253464.5694078156,964404.5311478325
2005-06-30,1252343.6955264756,964404.5311478325
2005-07-01,1252923.1786669441,964404.5311478325
2005-07-05,1254305.0260918848,950838.4042876473
2005-07-06,1252631.5603526346,950838.4042876473
2005-07-07,1252150.8458760493,950838.4042876473
2005-07-08,1254889.040618252,969095.280381512
2005-07-11,1256323.5221012346,969095.280381512
2005-07-12,1257287.8093889467,969095.280381512
2005-07-13,1258287.7678342573,969095.280381512
2005-07-14,1260386.5425868742,969095.280381512
2005-07-15,1260526.8299759142,969095.280381512
2005-07-18,1258510.8839481585,969095.280381512
2005-07-19,1259502.0446248762,969095.280381512
2005-07-20,1259874.5795443766,969095.280381512
2005-07-21,1258917.0428894274,969095.280381512
2005-07-22,1258508.2827652209,969095.280381512
2005-07-25,1256658.2295153849,969095.280381512
2005-07-26,1257585.4655683748,969095.280381512
2005-07-27,1259266.863014292,969095.280381512
2005-07-28,1261161.7959130015,1001865.6681502069
2005-07-29,1258979.7205136027,1001865.6681502069
2005-08-01,1259973.880635282,1001865.6681502069
2005-08-02,1261381.1485884394,1001865.6681502069
2005-08-03,1262151.8851678576,1001865.6681502069
2005-08-04,1259958.4492643084,1001865.6681502069
2005-08-05,1258252.4816852417,1020373.9963196125
2005-08-08,1257702.8946283665,1020373.9963196125
2005-08-09,1258846.1093147602,1020373.9963196125
2005-08-10,1258378.0548570957,1020373.9963196125
2005-08-11,1259412.4526336994,1020373.9963196125
2005-08-12,1258811.395235857,1020373.9963196125
2005-08-15,1261045.1170216408,1020373.9963196125
2005-08-16,1258974.269105753,1020373.9963196125
2005-08-17,1259204.034273466,1020373.9963196125
2005-08-18,1260231.0337155666,1020373.9963196125
2005-08-19,1260483.9657934513,1020373.9963196125
2005-08-22,1261005.2056179848,1020373.9963196125
2005-08-23,1259605.9819882717,1020373.9963196125
2005-08-24,1257505.1165562477,1020373.9963196125
2005-08-25,1258077.5272723045,1020373.9963196125
2005-08-26,1256396.4257925358,1020373.9963196125
2005-08-29,1258631.0832875576,1020373.9963196125
2005-08-30,1256989.9496172275,1020373.9963196125
2005-08-31,1258983.771058401,1020373.9963196125
2005-09-01,1259290.8079920616,1020373.9963196125
2005-09-02,1259208.6313687172,1020373.9963196125
2005-09-06,1261473.6637998428,1020373.9963196125
2005-09-07,1261454.3890064564,1020373.9963196125
2005-09-08,1260241.192718586,1020373.9963196125
2005-09-09,1261928.6740752067,1020373.9963196125
2005-09-12,1262479.5862444248,1020373.9963196125
2005-09-13,1260973.120365223,1020373.9963196125
2005-09-14,1260291.1231358852,1020373.9963196125
2005-09-15,1260895.2739711609,1020373.9963196125
2005-09-16,1262993.1161391635,1062309.3967909713
2005-09-19,1261613.5158793826,1062309.3967909713
2005-09-20,1261255.0606355567,1062309.3967909713
2005-09-21,1258243.9320318599,1062309.3967909713
2005-09-22,1259057.3577244182,1062309.3967909713
2005-09-23,1259435.9901604552,1062309.3967909713
2005-09-26,1259608.575407495,1062309.3967909713
2005-09-27,1260794.1200885673,1062309.3967909713
2005-09-28,1260917.6842368098,1067789.3482220622
2005-09-29,1263221.066526458,1067789.3482220622
2005-09-30,1263227.0906540155,1091202.1051276922
2005-10-03,1262826.5088182688,1091202.1051276922
2005-10-04,1261896.495202233,1108799.1720122593
2005-10-05,1260308.7955688732,1108799.1720122593
2005-10-06,1260243.7645187404,1115911.0631241824
2005-10-07,1261087.9995605971,1115911.0631241824
2005-10-10,1260314.1144883658,1115911.0631241824
2005-10-11,1259686.472898009,1115911.0631241824
2005-10-12,1258466.8722641494,1115911.0631241824
2005-10-13,1259032.2356469657,1115911.0631241824
2005-10-14,1260318.5428159263,1115911.0631241824
2005-10-17,1260153.741566899,1115911.0631241824
2005-10-18,1259754.2971415545,1115911.0631241824
2005-10-19,1260466.1496702721,1142021.286736398
2005-10-20,1259333.0520683816,1142021.286736398
2005-10-21,1260391.6877073338,1142021.286736398
2005-10-24,1262570.2102669766,1142021.286736398
2005-10-25,1262870.8226901582,1142021.286736398
2005-10-26,1262678.4191807797,1142021.286736398
2005-10-27,1261703.2501532128,1142021.286736398
2005-10-28,1263517.0879942467,1142021.286736398
2005-10-31,1262993.2844497254,1142021.286736398
2005-11-01,1263235.1589988759,1142021.286736398
2005-11-02,1264418.0166057637,1142021.286736398
2005-11-03,1265224.4116491368,1142021.286736398
2005-11-04,1265103.9843508294,1142021.286736398
2005-11-07,1265958.2212986043,1142021.286736398
2005-11-08,1265939.0674089482,1142021.286736398
2005-11-09,1266996.5142778447,1142021.286736398
2005-11-10,1269172.91499105,1142021.286736398
2005-11-11,1270099.8899337342,1142021.286736398
2005-11-14,1269145.5445949128,1142021.286736398
2005-11-15,1268211.047134786,1142021.286736398
2005-11-16,1269314.8904065182,1142021.286736398
2005-11-17,1270570.7291583112,1142021.286736398
2005-11-18,1271150.4051088383,1142021.286736398
2005-11-21,1271038.5485962918,1142021.286736398
2005-11-22,1271993.9121924927,1142021.286736398
2005-11-23,1272789.2185474923,1142021.286736398
2005-11-25,1273405.2937795212,1142021.286736398
2005-11-28,1272185.591784387,1142021.286736398
2005-11-29,1272117.9212612202,1142021.286736398
2005-11-30,1270157.0742327264,1142021.286736398
2005-12-01,1272079.6007203152,1142021.286736398
2005-12-02,1272761.375237613,1142021.286736398
2005-12-05,1272633.9613865903,1142021.286736398
2005-12-06,1272263.9099635174,1142021.286736398
2005-12-07,1271016.7082974007,1142021.286736398
2005-12-08,1271175.6779612591,1142021.286736398
2005-12-09,1271712.3070925763,1142021.286736398
2005-12-12,1271496.093914657,1142021.286736398
2005-12-13,1312367.2254345887,977863.4091167919
2005-12-14,1313508.3945910805,977863.4091167919
2005-12-15,1313064.822426843,977863.4091167919
2005-12-16,1311999.582222926,977863.4091167919
2005-12-19,1309414.166613362,987416.964837692
2005-12-20,1310452.9610138752,987416.964837692
2005-12-21,1311125.32604929,987416.964837692
2005-12-22,1312875.4075417735,987416.964837692
2005-12-23,1313373.7269864443,993320.3177971009
2005-12-27,1310179.0441058916,996039.423670773
2005-12-28,1311214.5774265572,996039.423670773
2005-12-29,1309861.3812098545,996039.423670773
2005-12-30,1308159.4083421868,996039.423670773
2006-01-03,1313195.5948593062,996039.423670773
2006-01-04,1315610.7389066012,1001301.6483974846
2006-01-05,1315771.9072716625,1001301.6483974846
2006-01-06,1319268.7375367323,1016076.4675946275
2006-01-09,1321077.598830826,1023130.5461891961
2006-01-10,1321066.8066388438,1023130.5461891961
2006-01-11,1322201.8987270663,1023130.5461891961
2006-01-12,1320514.709825165,1023130.5461891961
2006-01-13,1320512.5274988483,1023130.5461891961
2006-01-17,1319885.2046200107,1023130.5461891961
2006-01-18,1319478.2101623635,1026413.7822880369
2006-01-19,1321635.690781611,1042906.6860268292
2006-01-20,1317273.914038198,1050922.4984612633
2006-01-23,1317600.1759422603,1053049.1415010276
2006-01-24,1319376.8357234576,1061879.8387816527
2006-01-25,1318460.493724642,1061879.8387816527
2006-01-26,1320033.5764848678,1064994.7002860992
2006-01-27,1321516.6052418523,1069184.300653773
2006-01-30,1321363.6171231861,1077000.4045746918
2006-01-31,1320744.1221150367,1088323.6112524478
2006-02-01,1321565.8891583888,1088323.6112524478
2006-02-02,1320238.5444465477,1103967.2501266797
2006-02-03,1319294.8344190994,1107573.6464055458
2006-02-06,1319762.662758836,1120321.227878341
2006-02-07,1319053.6506593316,1120321.227878341
2006-02-08,1319978.3451717598,1124199.6957531674
2006-02-09,1320244.4569101592,1127415.2804482242
2006-02-10,1320889.5021511316,1128530.6232987642
2006-02-13,1320670.6851483583,1128530.6232987642
2006-02-14,1322064.9464878056,1132788.024413726
2006-02-15,1322726.5781634622,1135998.3180375868
2006-02-16,1323568.9295944206,1143132.3079952232
2006-02-17,1323520.3882285503,1150808.7015797046
2006-02-21,1323112.6594712718,1152450.489963053
2006-02-22,1324537.0623556676,1160695.1091054978
2006-02-23,1324351.0281344953,1160695.1091054978
2006-02-24,1324569.846702248,1160695.1091054978
2006-02-27,1325423.8206808788,1164585.939260505
2006-02-28,1323791.399641536,1164585.939260505
2006-03-01,1324706.7994292718,1169370.530451153
2006-03-02,1324088.4344032747,1169370.530451153
2006-03-03,1323776.3127396593,1170378.4518120775
2006-03-06,1322885.0437253276,1173924.643084363
2006-03-07,1323069.8178993464,1177269.6211482286
2006-03-08,1323734.9374070202,1178542.3021154439
2006-03-09,1323258.143628124,1178542.3021154439
2006-03-10,1324416.4796175992,1178542.3021154439
2006-03-13,1324537.820509914,1178542.3021154439
2006-03-14,1325521.5042812242,1183124.3262121095
2006-03-15,1325768.6725453811,1185066.95674748
2006-03-16,1345719.736829577,1290210.058036087
2006-03-17,2424919.1833280483,1956431.002220676
2006-03-20,2423866.0046899477,1956431.002220676
2006-03-21,2422002.957123504,1956431.002220676
2006-03-22,2425757.704185621,1956431.002220676
2006-03-23,2424666.2999316836,1952456.0986798191
2006-03-24,2424281.3419838334,1952456.0986798191
2006-03-27,2422258.03636817,1952456.0986798191
2006-03-28,2417893.8657374764,1952456.0986798191
2006-03-29,2421078.3969145203,1952456.0986798191
2006-03-30,2417956.967573204,1952456.0986798191
2006-03-31,2416447.443518677,1952456.0986798191
2006-04-03,2417532.623542824,1952456.0986798191
2006-04-04,2420644.996589818,1952456.0986798191
2006-04-05,2423326.131860533,1952456.0986798191
2006-04-06,2422181.1799807837,1957622.3642206478
2006-04-07,2418322.5866440823,1957622.3642206478
2006-04-10,2418522.2750664046,1957622.3642206478
2006-04-11,2416074.019059091,1957622.3642206478
2006-04-12,2416206.4995835116,1957622.3642206478
2006-04-13,2415724.1677147653,1981949.633418849
2006-04-17,2414581.623608997,1981949.633418849
2006-04-18,2422359.6608604696,1981949.633418849
2006-04-19,2424856.523063829,1981949.633418849
2006-04-20,2425360.8167959955,1981949.633418849
2006-04-21,2425095.9364140476,1991206.9888670887
2006-04-24,2425850.678290769,1991206.9888670887
2006-04-25,2423694.356775328,1991206.9888670887
2006-04-26,2426000.6727257343,2001740.2374653192
2006-04-27,2428995.094382939,2001740.2374653192
2006-04-28,2428286.407955449,2018327.716667812
2006-05-01,2427035.7201378755,2018327.716667812
2006-05-02,2428746.9839971475,2018327.716667812
2006-05-03,2427133.893740099,2018327.716667812
2006-05-04,2428735.63924376,2031288.8508434677
2006-05-05,2434377.9421263123,2031288.8508434677
2006-05-08,2432893.323494234,2031288.8508434677
2006-05-09,2431933.2358206892,2031288.8508434677
2006-05-10,2432358.6463817228,2041856.9046184884
2006-05-11,2429039.0760896076,2041856.9046184884
2006-05-12,2424664.2673785817,2046511.517094625
2006-05-15,2427034.999873181,2053958.7124452784
2006-05-16,2426191.574233979,2062757.4875620308
2006-05-17,2420536.805143523,2071395.2379897116
2006-05-18,2419480.0065492867,2071395.2379897116
2006-05-19,2421359.193969461,2088677.2250665156
2006-05-22,2421851.7819714276,2088677.2250665156
2006-05-23,2419481.7833840577,2088677.2250665156
2006-05-24,2421327.094000968,2078121.9947574467
2006-05-25,2424841.0186337563,2078121.9947574467
2006-05-26,2426088.341648492,2078121.9947574467
2006-05-30,2421717.0445871404,2082339.7965292982
2006-05-31,2424540.6765077165,2082339.7965292982
2006-06-01,2427772.499161487,2082339.7965292982
2006-06-02,2428399.818881159,2082339.7965292982
2006-06-05,2423357.1414525756,2089666.3275525817
2006-06-06,2423343.089162613,2089666.3275525817
2006-06-07,2422590.3378452016,2093868.3492811874
2006-06-08,2424294.5358120156,2093868.3492811874
2006-06-09,2423569.0666084243,2093868.3492811874
2006-06-12,2421618.3275906374,2116148.331088238
2006-06-13,2420145.8447745894,2141511.3609340047
2006-06-14,2418850.0516525926,2155358.1808698596
2006-06-15,2422552.233359617,2155358.1808698596
2006-06-16,2421313.5448095025,2155358.1808698596
2006-06-19,2419788.9157483997,2155358.1808698596
2006-06-20,2420815.2381818495,2166043.312797924
2006-06-21,2421522.692639967,2166043.312797924
2006-06-22,2420810.0026051006,2166043.312797924
2006-06-23,2420354.369272848,2166043.312797924
2006-06-26,2421281.216574359,2161930.7125902656
2006-06-27,2419560.2289948943,2161930.7125902656
2006-06-28,2421457.587074924,2161930.7125902656
2006-06-29,2424412.2106199744,2161930.7125902656
2006-06-30,2424500.384212542,2161930.7125902656
2006-07-03,2426185.6806989196,2161930.7125902656
2006-07-05,2424852.916909504,2161930.7125902656
2006-07-06,2424704.088622737,2161930.7125902656
2006-07-07,2423882.52120297,2161930.7125902656
2006-07-10,2425094.7631943705,2161930.7125902656
2006-07-11,2425898.154960442,2161930.7125902656
2006-07-12,2423717.0333668473,2161930.7125902656
2006-07-13,2421981.3711369894,2171061.374063935
2006-07-14,2421518.5092353486,2171061.374063935
2006-07-17,2422793.7862795256,2171061.374063935
2006-07-18,2423175.6111288927,2171061.374063935
2006-07-19,2427049.8018089198,2171061.374063935
2006-07-20,2427520.911601033,2171061.374063935
2006-07-21,2427672.3162239455,2171061.374063935
2006-07-24,2429644.9155330323,2171061.374063935
2006-07-25,2428549.488043427,2187250.629035115
2006-07-26,2427967.0005415757,2214006.7436145623
2006-07-27,2426955.601038583,2214006.7436145623
2006-07-28,2429174.6851320346,2214006.7436145623
2006-07-31,2428248.859371551,2214006.7436145623
2006-08-01,2428149.1609939416,2214006.7436145623
2006-08-02,2429372.3735216935,2214006.7436145623
2006-08-03,2429359.2454822143,2214006.7436145623
2006-08-04,2430351.3745346703,2230393.369257156
2006-08-07,2429157.316978637,2230393.369257156
2006-08-08,2429701.4930242933,2230393.369257156
2006-08-09,2428865.018472258,2230393.369257156
2006-08-10,2430207.404054705,2230393.369257156
2006-08-11,2429257.3552381205,2241194.2481694627
2006-08-14,2430001.7250960837,2266146.0764255296
2006-08-15,2431773.815057255,2266146.0764255296
2006-08-16,2431889.5964538823,2266146.0764255296
2006-08-17,2431745.836461402,2266146.0764255296
2006-08-18,2432916.6908076773,2266146.0764255296
2006-08-21,2432683.4093378554,2266146.0764255296
2006-08-22,2432985.282077409,2266146.0764255296
2006-08-23,2432378.348336197,2266146.0764255296
2006-08-24,2432850.484189845,2266146.0764255296
2006-08-25,2432045.344932891,2266146.0764255296
2006-08-28,2433393.3209488164,2266146.0764255296
2006-08-29,2433708.2091052304,2266146.0764255296
2006-08-30,2433319.672198869,2266146.0764255296
2006-08-31,2434509.6554730902,2266146.0764255296
2006-09-01,2435085.546383954,2266146.0764255296
2006-09-05,2434321.494219757,2266146.0764255296
2006-09-06,2434450.014454461,2266146.0764255296
2006-09-07,2434406.356616355,2266146.0764255296
2006-09-08,2435050.5165830622,2266146.0764255296
2006-09-11,2435546.227362014,2266146.0764255296
2006-09-12,2435928.9642701535,2265981.2174405246
2006-09-13,2435898.8069060235,2265981.2174405246
2006-09-14,2435751.9916042476,2265981.2174405246
2006-09-15,2437147.052274382,2276523.709357059
2006-09-18,2436248.6284082294,2276523.709357059
2006-09-19,2436419.0479017855,2276523.709357059
2006-09-20,2437243.224165237,2276523.709357059
2006-09-21,2436613.408181584,2276523.709357059
2006-09-22,2436222.000672853,2276523.709357059
2006-09-25,2455885.7180183325,2377678.6466844473
2006-09-26,3530645.414095904,3236907.2854559678
2006-09-27,3531845.81113949,3236907.2854559678
2006-09-28,3532426.592760827,3236907.2854559678
2006-09-29,3531523.9239812153,3236907.2854559678
2006-10-02,3530708.151924159,3236907.2854559678
2006-10-03,3530878.680779006,3236907.2854559678
2006-10-04,3534511.1846826333,3236907.2854559678
2006-10-05,3534944.213139999,3248825.10054909
2006-10-06,3533905.619415033,3248825.10054909
2006-10-09,3534301.4032909754,3248825.10054909
2006-10-10,3535294.882269077,3253012.6391276643
2006-10-11,3535508.4242312657,3254201.7867469536
2006-10-12,3537788.814775217,3269063.688040245
2006-10-13,3538174.0992125156,3269063.688040245
2006-10-16,3538644.87535249,3269063.688040245
2006-10-17,3537627.0480307224,3269063.688040245
2006-10-18,3538663.003690383,3282827.288826606
2006-10-19,3539475.955250284,3282827.288826606
2006-10-20,3539185.8760457947,3286447.3066216423
2006-10-23,3540296.6457358315,3286447.3066216423
2006-10-24,3541600.203675662,3286989.5018939124
2006-10-25,3542555.815524317,3307340.8558614026
2006-10-26,3544011.4977686135,3314110.764112684
2006-10-27,3542214.1882220027,3319242.468300414
2006-10-30,3542501.998809409,3319242.468300414
2006-10-31,3542969.7091726447,3355064.7862085486
2006-11-01,3542980.3609084273,3355064.7862085486
2006-11-02,3542497.478922763,3355064.7862085486
2006-11-03,3541663.9927453185,3355064.7862085486
2006-11-06,3543010.8256577635,3355064.7862085486
2006-11-07,3543610.4056977415,3355064.7862085486
2006-11-08,3544137.393647113,3355064.7862085486
2006-11-09,3543497.6261872435,3355064.7862085486
2006-11-10,3543535.3991044182,3361814.7125757355
2006-11-13,3544380.397251429,3361814.7125757355
2006-11-14,3544821.1210368294,3361814.7125757355
2006-11-15,3545361.90660459,3361814.7125757355
2006-11-16,3546083.24208599,3369178.779418048
2006-11-17,3545830.6125493613,3369178.779418048
2006-11-20,3545425.7914305297,3369178.779418048
2006-11-21,3545748.9106627074,3369178.779418048
2006-11-22,3545963.667770442,3369178.779418048
2006-11-24,3545360.998572406,3369178.779418048
2006-11-27,3542980.446373519,3369178.779418048
2006-11-28,3543335.2528977958,3369178.779418048
2006-11-29,3545102.8534479705,3369178.779418048
2006-11-30,3545166.612737712,3369178.779418048
2006-12-01,3545243.918644738,3380973.665736508
2006-12-04,3546874.5568674323,3380973.665736508
2006-12-05,3547675.206292939,3380973.665736508
2006-12-06,3547398.886627507,3380973.665736508
2006-12-07,3547113.2877429244,3380973.665736508
2006-12-08,3547316.36311419,3380973.665736508
2006-12-11,3547618.1095541236,3380973.665736508
2006-12-12,3547903.8582137343,3380973.665736508
2006-12-13,3561213.8042061827,3521628.2894651494
2006-12-14,5519818.435549,4795659.217051605
2006-12-15,5518824.0092549715,4795659.217051605
2006-12-18,5516224.457432011,4795659.217051605
2006-12-19,5518297.915216008,4795659.217051605
2006-12-20,5516258.6885599885,4795659.217051605
2006-12-21,5511551.499317268,4795659.217051605
2006-12-22,5507858.148206988,4795659.217051605
2006-12-26,5510380.022257784,4795659.217051605
2006-12-27,5515173.122533778,4795659.217051605
2006-12-28,5514337.229201475,4795659.217051605
2006-12-29,5511266.209974626,4795659.217051605
2007-01-03,5511391.906704654,4837095.302851428
2007-01-04,5511572.66276591,4837095.302851428
2007-01-05,5506682.232890953,4837095.302851428
2007-01-08,5509263.047119165,4850096.501620853
2007-01-09,5510951.16540792,4850096.501620853
2007-01-10,5512866.506270209,4883304.086595813
2007-01-11,5516903.863153269,4891493.214875449
2007-01-12,5518467.679770695,4883384.996759342
2007-01-16,5521228.388088929,4883384.996759342
2007-01-17,5521751.740749048,4883384.996759342
2007-01-18,5521666.2225068975,4883384.996759342
2007-01-19,5521869.695333945,4883384.996759342
2007-01-22,5518661.794547128,4883384.996759342
2007-01-23,5520669.360589803,4905227.667392583
2007-01-24,5522363.753572137,4905227.667392583
2007-01-25,5516617.151638786,4920664.649208854
2007-01-26,5516802.689733596,4945407.933441074
2007-01-29,5515164.68066454,4945407.933441074
2007-01-30,5515677.482155235,4945407.933441074
2007-01-31,5518210.862246423,4940968.822543292
2007-02-01,5522615.851515662,4936278.699577492
2007-02-02,5523377.718429189,4936278.699577492
2007-02-05,5524089.45511977,4936278.699577492
2007-02-06,5527493.25635032,4936278.699577492
2007-02-07,5528467.217214387,4936278.699577492
2007-02-08,5526845.156360686,4949901.557167649
2007-02-09,5525863.07732749,4949901.557167649
2007-02-12,5525340.1067685485,4949901.557167649
2007-02-13,5527823.130093652,4961856.77566995
2007-02-14,5531120.323063294,4977002.048656444
2007-02-15,5531007.496342341,4977002.048656444
2007-02-16,5531899.379655878,4977002.048656444
2007-02-20,5534785.566835403,5004031.943809032
2007-02-21,5532069.482204318,5004031.943809032
2007-02-22,5530280.347778201,5004031.943809032
2007-02-23,5530953.498836279,5004031.943809032
2007-02-26,5529871.613845072,5069947.008983008
2007-02-27,5516411.799179916,5100061.7646037685
2007-02-28,5519804.147849743,5100061.7646037685
2007-03-01,5518195.898938273,5100061.7646037685
2007-03-02,5514305.0925363945,5123788.979965244
2007-03-05,5511714.844721829,5123788.979965244
2007-03-06,5516060.330659364,5123788.979965244
2007-03-07,5514447.601787929,5123788.979965244
2007-03-08,5517450.044149433,5123788.979965244
2007-03-09,5518130.327974294,5123788.979965244
2007-03-12,5518482.710063701,5123788.979965244
2007-03-13,5511317.947752808,5123788.979965244
2007-03-14,5510888.119234418,5123788.979965244
2007-03-15,5512242.673102175,5123788.979965244
2007-03-16,5511019.699922984,5123788.979965244
2007-03-19,5515189.663013821,5123788.979965244
2007-03-20,5518011.056645517,5123788.979965244
2007-03-21,5522881.471595501,5123788.979965244
2007-03-22,5522465.667031293,5123788.979965244
2007-03-23,5522317.181280618,5123788.979965244
2007-03-26,5521678.574610417,5123788.979965244
2007-03-27,5518964.143300568,5123788.979965244
2007-03-28,5517237.385193523,5145656.623706277
2007-03-29,5518788.1837559305,5145656.623706277
2007-03-30,5517763.682617035,5145656.623706277
2007-04-02,5518917.337871816,5145656.623706277
2007-04-03,5521558.8791374825,5145656.623706277
2007-04-04,5521904.64072996,5145656.623706277
2007-04-05,5523075.039730575,5145656.623706277
2007-04-09,5523224.2397491895,5145656.623706277
2007-04-10,5524193.042684402,5145656.623706277
2007-04-11,5521635.262088474,5145656.623706277
2007-04-12,5522840.242779519,5145656.623706277
2007-04-13,5524242.239503657,5161524.110606259
2007-04-16,5526973.092707342,5161524.110606259
2007-04-17,5528818.819328284,5161524.110606259
2007-04-18,5528247.741150683,5161524.110606259
2007-04-19,5528901.443460825,5176843.719321105
2007-04-20,5531458.770233574,5176843.719321105
2007-04-23,5530007.832543614,5176843.719321105
2007-04-24,5529662.748579743,5176843.719321105
2007-04-25,5532160.188499703,5190551.513384475
2007-04-26,5532993.251999809,5190551.513384475
2007-04-27,5532790.487531557,5190551.513384475
2007-04-30,5530934.76820214,5190551.513384475
2007-05-01,5532417.623782053,5190551.513384475
2007-05-02,5533299.263494684,5190551.513384475
2007-05-03,5533364.190486326,5190551.513384475
2007-05-04,5534313.853724851,5190551.513384475
2007-05-07,5535115.4122264525,5190551.513384475
2007-05-08,5534535.242521121,5190551.513384475
2007-05-09,5535705.350884988,5190551.513384475
2007-05-10,5531255.8925542375,5190551.513384475
2007-05-11,5532929.73146724,5198767.07633131
2007-05-14,5533156.008554809,5198767.07633131
2007-05-15,5533866.752747881,5224174.23439126
2007-05-16,5536214.755010235,5224174.23439126
2007-05-17,5535472.655164945,5224174.23439126
2007-05-18,5537282.356242279,5232301.568610767
2007-05-21,5536950.831475297,5232301.568610767
2007-05-22,5535795.149141589,5232301.568610767
2007-05-23,5535470.418111065,5232301.568610767
2007-05-24,5532769.521297017,5232301.568610767
2007-05-25,5533297.506563226,5232301.568610767
2007-05-29,5533281.667590955,5232301.568610767
2007-05-30,5534897.290992836,5232301.568610767
2007-05-31,5534123.202023068,5232301.568610767
2007-06-01,5534486.0003898535,5232301.568610767
2007-06-04,5533944.781205574,5232301.568610767
2007-06-05,5532679.402347842,5232301.568610767
2007-06-06,5531517.53464053,5232301.568610767
2007-06-07,5528777.565905937,5255953.348769375
2007-06-08,5530991.227261611,5255953.348769375
2007-06-11,5531200.193158993,5255953.348769375
2007-06-12,5528477.70133818,5255953.348769375
2007-06-13,5531516.238478073,5255953.348769375
2007-06-14,5531712.410934755,5255953.348769375
2007-06-15,5533547.644300171,5255953.348769375
2007-06-18,5533025.9822567785,5255953.348769375
2007-06-19,5532145.342632456,5268979.147934837
2007-06-20,5531687.489015503,5268979.147934837
2007-06-21,5532910.906073375,5268979.147934837
2007-06-22,5530769.606968744,5268979.147934837
2007-06-25,5530359.577793105,5268979.147934837
2007-06-26,5530108.112342043,5268979.147934837
2007-06-27,5533012.763985259,5268979.147934837
2007-06-28,5533653.726899428,5268979.147934837
2007-06-29,5532295.988149149,5268979.147934837
2007-07-02,5535294.359375758,5268979.147934837
2007-07-03,5535685.900642319,5268979.147934837
2007-07-05,5534769.312901659,5268979.147934837
2007-07-06,5534906.813269871,5284527.970993835
2007-07-09,5535043.844018119,5284527.970993835
2007-07-10,5532729.633224088,5284527.970993835
2007-07-11,5532945.150131005,5284527.970993835
2007-07-12,5536163.5634983955,5284527.970993835
2007-07-13,5536446.978690225,5284527.970993835
2007-07-16,5536792.7953039585,5284527.970993835
2007-07-17,5534784.0776322065,5284527.970993835
2007-07-18,5532961.2413717685,5284527.970993835
2007-07-19,5532901.838727432,5284527.970993835
2007-07-20,5530577.8658824,5319428.33267105
2007-07-23,5531918.501341764,5319428.33267105
2007-07-24,5533109.479800866,5514179.01317756
2007-07-25,7744166.622277276,7429747.458375976
2007-07-26,7739567.970514701,7429747.458375976
2007-07-27,7735942.399146722,7429747.458375976
2007-07-30,7738008.319629476,7429747.458375976
2007-07-31,7734117.92137313,7466491.136760504
2007-08-01,7736982.0338267395,7466491.136760504
2007-08-02,7741417.909586669,7466491.136760504
2007-08-03,7738050.412157566,7466491.136760504
2007-08-06,7739617.716294078,7514065.974087087
2007-08-07,7741410.707449822,7514065.974087087
2007-08-08,7745530.780799429,7500251.032368104
2007-08-09,7741746.847561414,7517575.314462299
2007-08-10,7738729.525890703,7517575.314462299
2007-08-13,7739443.330822761,7517575.314462299
2007-08-14,7737482.042451316,7535830.7376317615
2007-08-15,7735213.316654169,7535830.7376317615
2007-08-16,7734176.557346248,7535830.7376317615
2007-08-17,7739522.563212299,7535830.7376317615
2007-08-20,7739400.780673795,7535830.7376317615
2007-08-21,7740986.812725925,7535830.7376317615
2007-08-22,7743093.3134318525,7535830.7376317615
2007-08-23,7742122.308522009,7535830.7376317615
2007-08-24,7743657.054892265,7535830.7376317615
2007-08-27,7743862.603156083,7535830.7376317615
2007-08-28,7740027.050403981,7551117.466743378
2007-08-29,7743667.746208139,7541754.473170109
2007-08-30,7743899.710856535,7541754.473170109
2007-08-31,7762560.898668663,7723546.109488771
2007-09-04,9893250.765423961,9039111.17343063
2007-09-05,9884178.289201923,9039111.17343063
2007-09-06,9890093.766259857,9039111.17343063
2007-09-07,9875749.966567703,9039111.17343063
2007-09-10,9877463.644835897,9039111.17343063
2007-09-11,9887972.610569425,9039111.17343063
2007-09-12,9890535.914753385,9039111.17343063
2007-09-13,9897139.32295055,9039111.17343063
2007-09-14,9896478.548886485,9039111.17343063
2007-09-17,9892034.185670717,9043326.53630696
2007-09-18,9913571.099863155,9043326.53630696
2007-09-19,9916551.688943489,9043326.53630696
2007-09-20,9909726.196484907,9043326.53630696
2007-09-21,9915024.042220458,9062618.409787044
2007-09-24,9914252.374824157,9118425.045468679
2007-09-25,9915177.936526408,9142342.587376466
2007-09-26,9918061.222470393,9142342.587376466
2007-09-27,9920065.938461414,9142342.587376466
2007-09-28,9921142.286822667,9142342.587376466
2007-10-01,9932189.702448295,9184845.021779465
2007-10-02,9931517.346971009,9211660.05629513
2007-10-03,9928688.926199649,9211660.05629513
2007-10-04,9930088.735406188,9233272.886168031
2007-10-05,9936679.748371009,9279453.684301022
2007-10-08,9938047.074933413,9279453.684301022
2007-10-09,9943027.511318091,9279453.684301022
2007-10-10,9939779.817749657,9308158.846170105
2007-10-11,9933238.935390582,9324764.072576156
2007-10-12,9940080.855879094,9354610.338520791
2007-10-15,9934340.37484842,9372910.974697167
2007-10-16,9931060.618511254,9372910.974697167
2007-10-17,9932565.143260533,9372910.974697167
2007-10-18,9931641.391752569,9389453.105194895
2007-10-19,9919789.671543133,9376793.205626976
2007-10-22,9923627.856413376,9376793.205626976
2007-10-23,9931697.631591093,9376793.205626976
2007-10-24,9924391.337048553,9396065.677217506
2007-10-25,9920546.257612377,9428639.757218987
2007-10-26,9926279.18234244,9428639.757218987
2007-10-29,9928999.638438612,9428639.757218987
2007-10-30,9926797.131540209,9428639.757218987
2007-10-31,9931592.548271671,9438350.340645805
2007-11-01,9918499.689410225,9438350.340645805
2007-11-02,9917888.951934114,9438350.340645805
2007-11-05,9915586.764913488,9454643.252085853
2007-11-06,9918889.158957887,9454643.252085853
2007-11-07,9907593.604954617,9485731.573601382
2007-11-08,9908457.846069975,9504558.621908827
2007-11-09,9904801.883177204,9504558.621908827
2007-11-12,9905156.515308542,9504558.621908827
2007-11-13,9916658.444545908,9504558.621908827
2007-11-14,9915853.176642353,9529732.71540683
2007-11-15,9912087.498549873,9529732.71540683
2007-11-16,9916096.401293213,9529732.71540683
2007-11-19,9910723.04307063,9560028.95877774
2007-11-20,9912241.97530754,9560028.95877774
2007-11-21,9906480.546620166,9569037.92198447
2007-11-23,9910935.485430753,9569037.92198447
2007-11-26,9905201.306558168,9569037.92198447
2007-11-27,9912073.673442638,9569037.92198447
2007-11-28,9922344.782925164,9569037.92198447
2007-11-29,9921837.676457202,9569037.92198447
2007-11-30,9924984.606426036,9569037.92198447
2007-12-03,9923601.052256381,9569037.92198447
2007-12-04,9923467.001301086,9569037.92198447
2007-12-05,9926920.873398101,9569037.92198447
2007-12-06,9930727.506200826,9569037.92198447
2007-12-07,9928011.825439727,9569037.92198447
2007-12-10,9930131.087582147,9569037.92198447
2007-12-11,9919869.518264806,9569037.92198447
2007-12-12,9920386.519576823,9569037.92198447
2007-12-13,9920672.910008466,9569037.92198447
2007-12-14,9916103.541705769,9583512.158423822
2007-12-17,9912100.149013203,9583512.158423822
2007-12-18,9913520.26810209,9583512.158423822
2007-12-19,9913850.637568396,9583512.158423822
2007-12-20,9916544.431972425,9583512.158423822
2007-12-21,9920446.364977043,9583512.158423822
2007-12-24,9922680.230319422,9583512.158423822
2007-12-26,9922508.646517437,9583512.158423822
2007-12-27,9919796.77267925,9583512.158423822
2007-12-28,9920652.992159288,9583512.158423822
2007-12-31,9918487.574116867,9583512.158423822
2008-01-02,9914009.113303345,9583512.158423822
2008-01-03,9912664.640742224,9583512.158423822
2008-01-04,9904393.006650131,9583512.158423822
2008-01-07,9905940.70218293,9583512.158423822
2008-01-08,9899937.056386273,9583512.158423822
2008-01-09,9900626.66629688,9583512.158423822
2008-01-10,9901095.937428039,9583512.158423822
2008-01-11,9895318.970731895,9583512.158423822
2008-01-14,9898792.652855676,9583512.158423822
2008-01-15,9892278.521244925,9583512.158423822
2008-01-16,9894230.271314517,9609003.581399694
2008-01-17,9890039.618023872,9672819.030564904
2008-01-18,9888499.661314132,9687983.745627405
2008-01-22,9888081.132996323,9687983.745627405
2008-01-23,9891475.339954497,9687983.745627405
2008-01-24,9893952.992081167,9687983.745627405
2008-01-25,9889407.61636925,9687983.745627405
2008-01-28,9891829.252898695,9687983.745627405
2008-01-29,9890892.566330077,9687983.745627405
2008-01-30,9888864.980900647,9687983.745627405
2008-01-31,9893869.440416219,9687983.745627405
2008-02-01,9895609.506503822,9687983.745627405
2008-02-04,9892830.064400556,9687983.745627405
2008-02-05,9888561.17599726,9687983.745627405
2008-02-06,9883874.763162019,9687983.745627405
2008-02-07,9887718.820808174,9687983.745627405
2008-02-08,9886363.81819296,9687983.745627405
2008-02-11,9888456.889398338,9687983.745627405
2008-02-12,9888478.740512492,9687983.745627405
2008-02-13,9892318.273735048,9687983.745627405
2008-02-14,9888719.33493531,9687983.745627405
2008-02-15,9886462.265205743,9687983.745627405
2008-02-19,9884560.849840404,9687983.745627405
2008-02-20,9887227.225803735,9687983.745627405
2008-02-21,9884800.455607058,9687983.745627405
2008-02-22,9886029.033236505,9687983.745627405
2008-02-25,9888930.96887529,9687983.745627405
2008-02-26,9888918.732604148,9687983.745627405
2008-02-27,9888810.29944265,9687983.745627405
2008-02-28,9889721.33545077,9687983.745627405
2008-02-29,9883146.929586174,9687983.745627405
2008-03-03,9881661.401633503,9687983.745627405
2008-03-04,9882927.001122953,9687983.745627405
2008-03-05,9883556.842617275,9687983.745627405
2008-03-06,9879233.446474316,9687983.745627405
2008-03-07,9878783.620729567,9687983.745627405
2008-03-10,9876023.404329421,9687983.745627405
2008-03-11,9883397.38176954,9687983.745627405
2008-03-12,9882295.42481506,9687983.745627405
2008-03-13,9884238.902928354,9687983.745627405
2008-03-14,9879995.796724321,9687983.745627405
2008-03-17,9877681.979739072,9687983.745627405
2008-03-18,9887906.286182167,9687983.745627405
2008-03-19,9883172.338810088,9687983.745627405
2008-03-20,9889463.502637627,9687983.745627405
2008-03-24,9894564.233270647,9687983.745627405
2008-03-25,9894761.351317646,9687983.745627405
2008-03-26,9890849.458140971,9687983.745627405
2008-03-27,9886991.87269068,9687983.745627405
2008-03-28,9884463.065904738,9687983.745627405
2008-03-31,9887209.10193217,9687983.745627405
2008-04-01,9896453.508728625,9687983.745627405
2008-04-02,9896556.164228918,9687983.745627405
2008-04-03,9896701.661480667,9687983.745627405
2008-04-04,9898226.879388453,9687983.745627405
2008-04-07,9898959.059416058,9687983.745627405
2008-04-08,9898012.614796521,9687983.745627405
2008-04-09,9894399.372516992,9687983.745627405
2008-04-10,9896546.203172209,9687983.745627405
2008-04-11,9890222.585834505,9687983.745627405
2008-04-14,9889283.780272605,9687983.745627405
2008-04-15,9889535.657177808,9687983.745627405
2008-04-16,9893826.182203056,9687983.745627405
2008-04-17,9894313.204515101,9687983.745627405
2008-04-18,9899666.503981354,9687983.745627405
2008-04-21,9898613.219637396,9687983.745627405
2008-04-22,9896134.752560737,9687983.745627405
2008-04-23,9900059.793651344,9687983.745627405
2008-04-24,9901969.698139431,9687983.745627405
2008-04-25,9905172.624629619,9687983.745627405
2008-04-28,9905561.4088825,9687983.745627405
2008-04-29,9905088.056048514,9687983.745627405
2008-04-30,9903340.488524081,9687983.745627405
2008-05-01,9908671.824284079,9687983.745627405
2008-05-02,10001768.380772954,9333269.915435081
2008-05-05,9998954.542497456,9334235.895114034
2008-05-06,10001724.816259038,9342441.898373824
2008-05-07,9991171.069629159,9343766.245389666
2008-05-08,9993980.6318635,9343766.245389666
2008-05-09,9990274.368626418,9349485.760040732
2008-05-12,10000152.404095532,9349485.760040732
2008-05-13,9999783.404896105,9347611.170078421
2008-05-14,10002253.653781796,9347611.170078421
2008-05-15,10007415.640521893,9346233.980180332
2008-05-16,10006010.014609642,9356047.404574461
2008-05-19,10006739.16605303,9385683.719670597
2008-05-20,10001819.110063031,9400796.025829896
2008-05-21,9994358.886039516,9413271.959817937
2008-05-22,9996108.608675754,9416154.701812482
2008-05-23,9989566.577670371,9416154.701812482
2008-05-27,9995929.94857741,9416154.701812482
2008-05-28,9998441.782948166,9426250.530080676
2008-05-29,10004076.325984797,9421702.765473118
2008-05-30,10004877.735083481,9421702.765473118
2008-06-02,9998710.40552195,9421702.765473118
2008-06-03,9996521.85312743,9429462.759315172
2008-06-04,9998457.283417443,9429462.759315172
2008-06-05,10008268.66326342,9429462.759315172
2008-06-06,9991648.14120595,9478288.029941482
2008-06-09,9993512.525674902,9501685.91297438
2008-06-10,9993888.616025811,9510813.697733706
2008-06-11,9986488.836697586,9536717.237766631
2008-06-12,9989438.359333666,9543562.17663485
2008-06-13,9996133.071978442,9551298.50805565
2008-06-16,9996474.802093081,9551298.50805565
2008-06-17,9992913.595287662,9561842.117768299
2008-06-18,9989569.195716487,9574620.816098021
2008-06-19,9993179.884073751,9574620.816098021
2008-06-20,9986441.676671073,9606413.287778929
2008-06-23,9986206.653641853,9631715.97125021
2008-06-24,9984112.672304064,9638362.330644041
2008-06-25,9987402.276728064,9638362.330644041
2008-06-26,9979496.740698596,9684928.2955816
2008-06-27,9979283.030176764,9691239.658502227
2008-06-30,9980934.06790534,9720879.491837893
2008-07-01,9982433.831693841,9737060.097998811
2008-07-02,9980188.286310926,9765862.079352155
2008-07-03,9980518.338554654,9771437.284791742
2008-07-07,9979748.590711866,9771437.284791742
2008-07-08,9983025.473854562,9775655.790331861
2008-07-09,9982550.199039983,9784098.386173295
2008-07-10,9983292.617147492,9784098.386173295
2008-07-11,10020213.869848844,9950058.164839294
2008-07-14,10547419.486191222,10284529.047543475
2008-07-15,10546899.949773213,10270671.732864818
2008-07-16,10548424.80632045,10270671.732864818
2008-07-17,10549563.783636283,10262270.996376645
2008-07-18,10547351.198063131,10269183.689252194
2008-07-21,10549946.473084506,10269183.689252194
2008-07-22,10556722.175897125,10217221.454427604
2008-07-23,10554509.021525307,10203034.445155067
2008-07-24,10546730.435415452,10196814.920583492
2008-07-25,10545877.085295457,10209079.585205454
2008-07-28,10544048.227749879,10237212.497587318
2008-07-29,10551801.04170763,10237212.497587318
2008-07-30,10554839.232656157,10209125.415192818
2008-07-31,10552310.341773894,10211049.706233826
2008-08-01,10550870.02324777,10246392.816739788
2008-08-04,10552669.595729878,10268415.640278509
2008-08-05,10561090.251792897,10261029.806293596
2008-08-06,10557615.353268255,10261029.806293596
2008-08-07,10553442.24783932,10261029.806293596
2008-08-08,10561608.211698608,10275341.40148856
2008-08-11,10564853.717742162,10275341.40148856
2008-08-12,10561191.28938978,10251874.368090084
2008-08-13,10558404.95187687,10251874.368090084
2008-08-14,10560604.565633943,10251874.368090084
2008-08-15,10563247.934193304,10251874.368090084
2008-08-18,10559607.124151578,10251874.368090084
2008-08-19,10555372.003120592,10251874.368090084
2008-08-20,10555569.065828254,10251874.368090084
2008-08-21,10555075.129495552,10251874.368090084
2008-08-22,10559203.083935848,10251874.368090084
2008-08-25,10553632.17550557,10251874.368090084
2008-08-26,10554889.620133033,10251874.368090084
2008-08-27,10556789.414984455,10251874.368090084
2008-08-28,10562047.486536136,10251874.368090084
2008-08-29,10558877.706919482,10251874.368090084
2008-09-02,10562098.499432614,10251874.368090084
2008-09-03,10561625.02956765,10251874.368090084
2008-09-04,10555169.559992258,10262738.402200762
2008-09-05,10557597.41808677,10262738.402200762
2008-09-08,10564075.452977482,10262738.402200762
2008-09-09,10556191.9949451,10256386.131573906
2008-09-10,10555490.986274889,10256386.131573906
2008-09-11,10558668.487209242,10279132.490319174
2008-09-12,10557423.070521455,10279132.490319174
2008-09-15,10549673.563470444,10286602.910550496
2008-09-16,10553036.323366435,10290740.738679977
2008-09-17,10544620.779788427,10291606.264419548
2008-09-18,10556055.78010158,10308629.81098394
2008-09-19,10556730.770257093,10326321.891751029
2008-09-22,10549205.896470644,10326321.891751029
2008-09-23,10547012.60622982,10326321.891751029
2008-09-24,10547133.256631233,10326321.891751029
2008-09-25,10549765.167808332,10326321.891751029
2008-09-26,10551339.443997122,10326321.891751029
2008-09-29,10540828.277817389,10340989.61602678
2008-09-30,10544987.812563976,10340989.61602678
2008-10-01,10545314.972975373,10354721.706487417
2008-10-02,10539847.611244312,10335446.5408703
2008-10-03,10537976.89432185,10335446.5408703
2008-10-06,10530918.360172795,10350381.779462265
2008-10-07,10560453.08189986,10546458.852629164
2008-10-08,10935373.464893376,10778464.814506685
2008-10-09,10963431.755483478,10762319.672204882
2008-10-10,10960093.823215047,10906266.815289775
2008-10-13,11143712.472596586,10646695.40064317
2008-10-14,11134369.413871827,10690242.481395306
2008-10-15,11115720.409435533,10842376.451364778
2008-10-16,11125643.740513723,10862622.81888048
2008-10-17,11125267.030241044,10876660.65146521
2008-10-20,11133420.45886198,10886374.08442751
2008-10-21,11127278.768185887,10893160.302965198
2008-10-22,11120896.19777374,10924683.568247601
2008-10-23,11121579.81748051,10949013.584596818
2008-10-24,11135960.307446312,11090231.69077323
2008-10-27,11339778.99989524,11328880.945308173
2008-10-28,11428897.683222149,11497502.734790657
2008-10-29,11814067.683108011,10748811.74238477
2008-10-30,11844858.785635827,10812201.356341181
2008-10-31,11860855.789836664,10850803.712861035
2008-11-03,11854581.691147331,10856142.942840118
2008-11-04,11888987.308331447,10881398.13412805
2008-11-05,11836547.27872229,10890499.80522919
2008-11-06,11798603.016719729,11010932.595903307
2008-11-07,11817484.733726176,11026477.703312548
2008-11-10,11802296.539003987,11044736.986655373
2008-11-11,11790022.240167702,11100800.760233486
2008-11-12,11762372.959907984,11137098.63262794
2008-11-13,11801859.540075904,11134463.910245543
2008-11-14,11776508.48090518,11134463.910245543
2008-11-17,11761926.868912822,11134463.910245543
2008-11-18,11763039.333209163,11134463.910245543
2008-11-19,11733865.726630813,11134463.910245543
2008-11-20,11711283.287408462,11159539.895235172
2008-11-21,11732774.945507636,11159539.895235172
2008-11-24,11754465.199309936,11159539.895235172
2008-11-25,11760143.624157062,11159539.895235172
2008-11-26,11775446.759188285,11159539.895235172
2008-11-28,11782781.635049453,11159539.895235172
2008-12-01,11739603.920309654,11159539.895235172
2008-12-02,11753365.014404407,11159539.895235172
2008-12-03,11770995.738930335,11159539.895235172
2008-12-04,11755782.672661414,11159539.895235172
2008-12-05,11779891.829727283,11159539.895235172
2008-12-08,11796930.281624427,11159539.895235172
2008-12-09,11782509.440181905,11179617.24817484
2008-12-10,11789142.487912828,11179617.24817484
2008-12-11,11768797.758500272,11179617.24817484
2008-12-12,11778543.060384924,11179617.24817484
2008-12-15,11770478.238016302,11179617.24817484
2008-12-16,11801041.927744085,11179617.24817484
2008-12-17,11794919.332353288,11179617.24817484
2008-12-18,11783392.257342512,11179617.24817484
2008-12-19,11785045.095312292,11179617.24817484
2008-12-22,11774760.176227266,11179617.24817484
2008-12-23,11769229.4517433,11179617.24817484
2008-12-24,11773693.635430032,11179617.24817484
2008-12-26,11775632.877591783,11179617.24817484
2008-12-29,11770584.4879834,11179617.24817484
2008-12-30,11783914.331178838,11179617.24817484
2008-12-31,11795981.59660166,11179617.24817484
