Timestamp,Close,High,Low,Open,Volume,symbol
2017-11-09,0.03205300122499466,0.03505999967455864,0.025005999952554703,0.02515999972820282,18716200,ADA-USD
2017-11-10,0.027118999511003494,0.033348001539707184,0.026450999081134796,0.03221900016069412,6766780,ADA-USD
2017-11-11,0.02743699960410595,0.029658999294042587,0.025684000924229622,0.02689100056886673,5532220,ADA-USD
2017-11-15,0.026444999501109123,0.027773000299930573,0.02526099979877472,0.02611600048840046,6858800,ADA-USD
2017-11-16,0.027580000460147858,0.02817000076174736,0.02565399929881096,0.026582999154925346,4888130,ADA-USD
2017-11-18,0.0263689998537302,0.027122000232338905,0.024747999384999275,0.025597000494599342,2930550,ADA-USD
2017-11-19,0.028084000572562218,0.028478000313043594,0.02558100037276745,0.026242999359965324,4725050,ADA-USD
2017-11-20,0.02958099916577339,0.03229999914765358,0.027612000703811646,0.028152000159025192,16172400,ADA-USD
2017-11-21,0.02833000011742115,0.029709000140428543,0.027403999119997025,0.029587000608444214,5836790,ADA-USD
2017-11-22,0.02854900062084198,0.029033999890089035,0.027891000732779503,0.028398999944329262,4938480,ADA-USD
2017-11-23,0.02744399942457676,0.02867799997329712,0.02744399942457676,0.028540000319480896,5132300,ADA-USD
2017-11-24,0.02838199958205223,0.028596999123692513,0.026962999254465103,0.0274059996008873,5502350,ADA-USD
2017-11-25,0.03044700063765049,0.03044700063765049,0.027746999636292458,0.028324000537395477,6156460,ADA-USD
2017-11-26,0.03633200004696846,0.039854999631643295,0.030117999762296677,0.03043700009584427,30527100,ADA-USD
2017-11-27,0.050592999905347824,0.05712699890136719,0.036619000136852264,0.036619000136852264,77777296,ADA-USD
2017-11-28,0.11974400281906128,0.13173000514507294,0.04794900119304657,0.050627000629901886,240338000,ADA-USD
2017-11-29,0.08971799910068512,0.14690600335597992,0.08143600076436996,0.11823499947786331,210624992,ADA-USD
2017-11-30,0.11988300085067749,0.12830300629138947,0.094930000603199,0.094930000603199,124345000,ADA-USD
2017-12-01,0.1313520073890686,0.1313520073890686,0.11303099989891052,0.11662200093269348,73657600,ADA-USD
2017-12-02,0.13235099613666534,0.1388690024614334,0.1291320025920868,0.131632998585701,56712600,ADA-USD
2017-12-03,0.13180699944496155,0.1392199993133545,0.12494499981403351,0.13235099613666534,46458900,ADA-USD
2017-12-04,0.13586999475955963,0.14594599604606628,0.12635000050067902,0.1315460056066513,76392704,ADA-USD
2017-12-05,0.12748800218105316,0.13640399277210236,0.12677699327468872,0.13562500476837158,50381100,ADA-USD
2017-12-06,0.11783900111913681,0.13285499811172485,0.11388599872589111,0.1267479956150055,75688800,ADA-USD
2017-12-07,0.10550100356340408,0.12417600303888321,0.10550100356340408,0.11776600033044815,71024600,ADA-USD
2017-12-08,0.11546500027179718,0.12072599679231644,0.09913600236177444,0.10614199936389923,70092400,ADA-USD
2017-12-09,0.11960899829864502,0.1386599987745285,0.1135609969496727,0.11474499851465225,63308600,ADA-USD
2017-12-10,0.11028099805116653,0.11979400366544724,0.1001330018043518,0.11979400366544724,46376600,ADA-USD
2017-12-11,0.12138299643993378,0.12138299643993378,0.10863800346851349,0.10892699658870697,39513900,ADA-USD
2017-12-12,0.1338910013437271,0.1380079984664917,0.11422199755907059,0.12117700278759003,60056800,ADA-USD
2017-12-13,0.1342809945344925,0.14185400307178497,0.12236800044775009,0.13373899459838867,61575000,ADA-USD
2017-12-14,0.24075299501419067,0.24075299501419067,0.13184300065040588,0.1336670070886612,309307008,ADA-USD
2017-12-15,0.21346700191497803,0.23320899903774261,0.18703199923038483,0.23320899903774261,207311008,ADA-USD
2017-12-16,0.4046649932861328,0.4471920132637024,0.20423300564289093,0.21287499368190765,581052032,ADA-USD
2017-12-17,0.5130109786987305,0.5924170017242432,0.378013014793396,0.3867749869823456,628142976,ADA-USD
2017-12-18,0.5181980133056641,0.5264959931373596,0.46740299463272095,0.5119389891624451,253463008,ADA-USD
2017-12-19,0.5312730073928833,0.58958899974823,0.5010830163955688,0.5202680230140686,279631008,ADA-USD
2017-12-20,0.4861510097980499,0.5337049961090088,0.44162100553512573,0.5337049961090088,182924000,ADA-USD
2017-12-21,0.477851003408432,0.5236189961433411,0.4565269947052002,0.49004900455474854,162926000,ADA-USD
2017-12-22,0.407150000333786,0.47897401452064514,0.29364100098609924,0.47897401452064514,150972992,ADA-USD
2017-12-23,0.41402700543403625,0.4503679871559143,0.3925670087337494,0.4144200086593628,88865000,ADA-USD
2017-12-24,0.39002901315689087,0.41666099429130554,0.34703901410102844,0.41666099429130554,67372304,ADA-USD
2017-12-25,0.416363000869751,0.43970000743865967,0.3628070056438446,0.39232999086380005,122194000,ADA-USD
2017-12-26,0.42846500873565674,0.4300859868526459,0.40560799837112427,0.4135729968547821,94896000,ADA-USD
2017-12-27,0.41417598724365234,0.43082699179649353,0.40109801292419434,0.4271070063114166,82067504,ADA-USD
2017-12-28,0.4077009856700897,0.4189339876174927,0.3678869903087616,0.4120199978351593,82263800,ADA-USD
2017-12-29,0.5292990207672119,0.5568789839744568,0.4039449989795685,0.41045698523521423,266403008,ADA-USD
2017-12-30,0.6392430067062378,0.7773849964141846,0.47155600786209106,0.5283160209655762,645155968,ADA-USD
2017-12-31,0.719694972038269,0.7544460296630859,0.6422970294952393,0.6425809860229492,305947008,ADA-USD
2018-01-01,0.7286570072174072,0.7300509810447693,0.6719409823417664,0.7188469767570496,150186000,ADA-USD
2018-01-02,0.7825869917869568,0.7946460247039795,0.6978560090065002,0.7246760129928589,289712000,ADA-USD
2018-01-06,1.02715003490448,1.054010033607483,0.9291830062866211,0.996999979019165,297615008,ADA-USD
2018-01-08,0.8990020155906677,0.9993289709091187,0.7643280029296875,0.9993289709091187,264460992,ADA-USD
2018-01-09,0.8147429823875427,0.919435977935791,0.7961770296096802,0.8981850147247314,209492000,ADA-USD
2018-01-10,0.7931209802627563,0.8162519931793213,0.6768350005149841,0.8158720135688782,236472000,ADA-USD
2018-01-11,0.6884120106697083,0.7915220260620117,0.5724999904632568,0.7915220260620117,229000992,ADA-USD
2018-01-12,0.8975080251693726,0.9322689771652222,0.6599670052528381,0.6957690119743347,365795008,ADA-USD
2018-01-13,0.8841239809989929,0.9693250060081482,0.8364859819412231,0.9174100160598755,313215008,ADA-USD
2018-01-14,0.802262008190155,0.8819609880447388,0.7495139837265015,0.8819609880447388,160712000,ADA-USD
2018-01-15,0.7785869836807251,0.8845059871673584,0.777413010597229,0.795760989189148,972993024,ADA-USD
2018-01-16,0.626492977142334,0.7806209921836853,0.47994399070739746,0.7806209921836853,1632649984,ADA-USD
2018-01-17,0.6291019916534424,0.6785169839859009,0.4406200051307678,0.6241229772567749,1713769984,ADA-USD
2018-01-18,0.6598430275917053,0.7110080122947693,0.5915279984474182,0.6312950253486633,1285490048,ADA-USD
2018-01-19,0.6504979729652405,0.6885200142860413,0.6159359812736511,0.6495440006256104,584574016,ADA-USD
2018-01-20,0.7075099945068359,0.7262420058250427,0.6476439833641052,0.6565639972686768,738798976,ADA-USD
2018-01-21,0.6131629943847656,0.7063909769058228,0.5907930135726929,0.7063909769058228,847731008,ADA-USD
2018-01-22,0.5704579949378967,0.6314849853515625,0.5218889713287354,0.6149830222129822,522984000,ADA-USD
2018-01-23,0.5630699992179871,0.5922309756278992,0.5200129747390747,0.5665370225906372,375958016,ADA-USD
2018-01-24,0.6222079992294312,0.6360089778900146,0.5447530150413513,0.5633689761161804,689838016,ADA-USD
2018-01-25,0.6374949812889099,0.6830229759216309,0.6215599775314331,0.6293370127677917,654814016,ADA-USD
2018-01-26,0.6233819723129272,0.6528480052947998,0.5662180185317993,0.6339030265808105,810062016,ADA-USD
2018-01-27,0.616832971572876,0.6329560279846191,0.5952690243721008,0.6234769821166992,331308992,ADA-USD
2018-01-28,0.6702859997749329,0.6819459795951843,0.6205599904060364,0.6205599904060364,325145984,ADA-USD
2018-01-29,0.6232039928436279,0.6693729758262634,0.6207600235939026,0.6693729758262634,238318000,ADA-USD
2018-01-30,0.5319129824638367,0.6247990131378174,0.5234180092811584,0.6247990131378174,359622016,ADA-USD
2018-01-31,0.5193150043487549,0.5502520203590393,0.4713369905948639,0.5275980234146118,505904000,ADA-USD
2018-02-01,0.421671986579895,0.5353220105171204,0.4120450019836426,0.5159119963645935,595624000,ADA-USD
2018-02-02,0.39053401350975037,0.4194599986076355,0.2747339904308319,0.4194599986076355,1438809984,ADA-USD
2018-02-03,0.438836008310318,0.5016390085220337,0.33081498742103577,0.40096500515937805,1404499968,ADA-USD
2018-02-04,0.3793030083179474,0.48014000058174133,0.36982300877571106,0.4338650107383728,814753984,ADA-USD
2018-02-05,0.3273710012435913,0.399522989988327,0.3196460008621216,0.38504400849342346,658547968,ADA-USD
2018-02-06,0.36975300312042236,0.3787190020084381,0.26652300357818604,0.3312090039253235,1338390016,ADA-USD
2018-02-07,0.34044700860977173,0.37721899151802063,0.33250701427459717,0.36726701259613037,679744000,ADA-USD
2018-02-08,0.35658401250839233,0.3675040006637573,0.3368220031261444,0.3444640040397644,346383008,ADA-USD
2018-02-09,0.3916020095348358,0.3941330015659332,0.3429110050201416,0.35284799337387085,401271008,ADA-USD
2018-02-10,0.4058719873428345,0.46276599168777466,0.3853679895401001,0.3866710066795349,951824000,ADA-USD
2018-02-11,0.36976900696754456,0.40519601106643677,0.3636240065097809,0.40510401129722595,331944000,ADA-USD
2018-02-12,0.38431501388549805,0.39330700039863586,0.37259501218795776,0.37259501218795776,243039008,ADA-USD
2018-02-13,0.3733139932155609,0.38701799511909485,0.3599199950695038,0.383435994386673,225695008,ADA-USD
2018-02-14,0.3969079852104187,0.4013209939002991,0.3703930079936981,0.3737660050392151,299008992,ADA-USD
2018-02-15,0.40936800837516785,0.41668701171875,0.38993701338768005,0.3946709930896759,348342016,ADA-USD
2018-02-16,0.4038099944591522,0.41240400075912476,0.3926759958267212,0.4101420044898987,192420000,ADA-USD
2018-02-17,0.41988301277160645,0.4280740022659302,0.4010559916496277,0.40240299701690674,341415008,ADA-USD
2018-02-18,0.3856180012226105,0.4200100004673004,0.3807869851589203,0.41835498809814453,251314000,ADA-USD
2018-02-19,0.3914720118045807,0.39660799503326416,0.38622400164604187,0.386929988861084,169966000,ADA-USD
2018-02-20,0.37877899408340454,0.40432900190353394,0.3775390088558197,0.3909420073032379,281249984,ADA-USD
2018-02-21,0.36444100737571716,0.3835130035877228,0.36339399218559265,0.37559300661087036,242378000,ADA-USD
2018-02-22,0.3378709852695465,0.37211599946022034,0.3305180072784424,0.362650990486145,208342000,ADA-USD
2018-02-23,0.3452579975128174,0.35124000906944275,0.3228110074996948,0.3347580134868622,222508992,ADA-USD
2018-02-24,0.3229660093784332,0.3524880111217499,0.3160640001296997,0.34366801381111145,133524000,ADA-USD
2018-02-25,0.34403300285339355,0.35457199811935425,0.3144110143184662,0.3221519887447357,247808000,ADA-USD
2018-02-26,0.3383350074291229,0.34695500135421753,0.32221001386642456,0.3452720046043396,201812992,ADA-USD
2018-02-27,0.33553600311279297,0.3411889970302582,0.33097100257873535,0.33913201093673706,106757000,ADA-USD
2018-02-28,0.31258100271224976,0.3361630141735077,0.3125630021095276,0.3344860076904297,114757000,ADA-USD
2018-03-01,0.30439698696136475,0.3119730055332184,0.28839200735092163,0.3119730055332184,184691008,ADA-USD
2018-03-02,0.293503999710083,0.3070580065250397,0.288875013589859,0.304423987865448,107240000,ADA-USD
2018-03-03,0.297105997800827,0.309128999710083,0.29250699281692505,0.2929520010948181,115320000,ADA-USD
2018-03-04,0.3007870018482208,0.30358800292015076,0.28619301319122314,0.2962850034236908,94436000,ADA-USD
2018-03-05,0.2976219952106476,0.31772300601005554,0.29105499386787415,0.2998969852924347,202675008,ADA-USD
2018-03-06,0.2853569984436035,0.3030189871788025,0.2839930057525635,0.29594698548316956,110305000,ADA-USD
2018-03-07,0.2472810000181198,0.28759801387786865,0.23625600337982178,0.2846739888191223,190792992,ADA-USD
2018-03-08,0.22174300253391266,0.25435400009155273,0.22113099694252014,0.2481600046157837,167808992,ADA-USD
2018-03-09,0.2222069948911667,0.22511500120162964,0.19180400669574738,0.22128599882125854,246848992,ADA-USD
2018-03-10,0.2098730057477951,0.22655799984931946,0.20885899662971497,0.22521600127220154,129138000,ADA-USD
2018-03-11,0.22349800169467926,0.22732199728488922,0.19815300405025482,0.20972099900245667,161362000,ADA-USD
2018-03-12,0.22372199594974518,0.2373420000076294,0.21965399384498596,0.22410400211811066,184250000,ADA-USD
2018-03-13,0.22302600741386414,0.22914600372314453,0.2154020071029663,0.22311000525951385,98868704,ADA-USD
2018-03-14,0.19956199824810028,0.23314699530601501,0.19600500166416168,0.22342999279499054,144156000,ADA-USD
2018-03-15,0.18570899963378906,0.2016109973192215,0.17248499393463135,0.19875499606132507,204232992,ADA-USD
2018-03-16,0.17887799441814423,0.18678799271583557,0.17505699396133423,0.18678799271583557,97455296,ADA-USD
2018-03-17,0.15476299822330475,0.1791599988937378,0.15313200652599335,0.1787700057029724,81096600,ADA-USD
2018-03-18,0.15615500509738922,0.16195900738239288,0.12704600393772125,0.15393100678920746,189688992,ADA-USD
2018-03-19,0.19764800369739532,0.19764800369739532,0.15693500638008118,0.16074900329113007,321964000,ADA-USD
2018-03-20,0.20494699478149414,0.21200400590896606,0.180294007062912,0.19344699382781982,249683008,ADA-USD
2018-03-21,0.2131890058517456,0.2275020033121109,0.201447993516922,0.2053149938583374,257686000,ADA-USD
2018-03-22,0.20348100364208221,0.22196899354457855,0.19213199615478516,0.2154030054807663,201540000,ADA-USD
2018-03-23,0.18925899267196655,0.20281200110912323,0.18142400681972504,0.20229800045490265,148850000,ADA-USD
2018-03-24,0.1892009973526001,0.20118999481201172,0.18301700055599213,0.1888439953327179,132660000,ADA-USD
2018-03-25,0.18460500240325928,0.18912799656391144,0.18170000612735748,0.18839600682258606,59349400,ADA-USD
2018-03-26,0.1678059995174408,0.18542100489139557,0.1611279994249344,0.18396000564098358,117497000,ADA-USD
2018-03-27,0.15492600202560425,0.16922500729560852,0.15016399323940277,0.16821500658988953,107510000,ADA-USD
2018-03-28,0.16005800664424896,0.1655990034341812,0.15446500480175018,0.15519599616527557,60260800,ADA-USD
2018-03-29,0.14688199758529663,0.1606139987707138,0.1457120031118393,0.16014300286769867,103465000,ADA-USD
2018-03-30,0.14720900356769562,0.15178200602531433,0.13631699979305267,0.14665399491786957,119874000,ADA-USD
2018-03-31,0.15591900050640106,0.16055899858474731,0.1448570042848587,0.14711500704288483,113124000,ADA-USD
2018-04-01,0.1507679969072342,0.1608249992132187,0.14134299755096436,0.15659700334072113,100833000,ADA-USD
2018-04-02,0.15638500452041626,0.1587969958782196,0.14858999848365784,0.1516910046339035,102697000,ADA-USD
2018-04-03,0.17244699597358704,0.17343799769878387,0.15525400638580322,0.15786400437355042,155987008,ADA-USD
2018-04-04,0.1553560048341751,0.17917199432849884,0.1536259949207306,0.17115800082683563,154800992,ADA-USD
2018-04-05,0.14875799417495728,0.1562040001153946,0.14374199509620667,0.15559199452400208,113407000,ADA-USD
2018-04-06,0.14445100724697113,0.15048100054264069,0.14182999730110168,0.14839400351047516,51827500,ADA-USD
2018-04-07,0.1487939953804016,0.15146900713443756,0.14382900297641754,0.14488500356674194,48205400,ADA-USD
2018-04-08,0.1565990000963211,0.15845200419425964,0.148825004696846,0.148825004696846,51093100,ADA-USD
2018-04-09,0.15310600399971008,0.16565600037574768,0.14747799932956696,0.15709400177001953,93021904,ADA-USD
2018-04-10,0.15634700655937195,0.15782000124454498,0.1493159979581833,0.15323999524116516,55981300,ADA-USD
2018-04-11,0.16602900624275208,0.1664309948682785,0.15407900512218475,0.15676100552082062,91793296,ADA-USD
2018-04-12,0.21223300695419312,0.2145249992609024,0.16452999413013458,0.1667570024728775,488007008,ADA-USD
2018-04-13,0.200532004237175,0.21838200092315674,0.19656699895858765,0.21163199841976166,230412992,ADA-USD
2018-04-14,0.20085300505161285,0.206495001912117,0.19470800459384918,0.1986750066280365,113212000,ADA-USD
2018-04-15,0.2213899940252304,0.22344399988651276,0.19993999600410461,0.20138899981975555,169798000,ADA-USD
2018-04-16,0.2566460072994232,0.2566460072994232,0.2118079960346222,0.22188900411128998,678780992,ADA-USD
2018-04-17,0.2437240034341812,0.27264100313186646,0.2427709996700287,0.25508999824523926,520975008,ADA-USD
2018-04-18,0.26034098863601685,0.26236799359321594,0.24273400008678436,0.24273400008678436,181118000,ADA-USD
2018-04-19,0.2723580002784729,0.2738359868526459,0.2608180046081543,0.26749300956726074,240910000,ADA-USD
2018-04-20,0.3012470006942749,0.30164098739624023,0.26969701051712036,0.27098599076271057,349348992,ADA-USD
2018-04-21,0.29058000445365906,0.3075520098209381,0.2726840078830719,0.30229198932647705,294632992,ADA-USD
2018-04-22,0.2855350077152252,0.29687899351119995,0.28076499700546265,0.28748801350593567,160968000,ADA-USD
2018-04-23,0.2884730100631714,0.2896229922771454,0.2835580110549927,0.28555798530578613,127213000,ADA-USD
2018-04-24,0.31287500262260437,0.3186990022659302,0.2873310148715973,0.28853899240493774,369016992,ADA-USD
2018-04-25,0.27165400981903076,0.3128049969673157,0.26516398787498474,0.3128049969673157,351596000,ADA-USD
2018-04-26,0.2942950129508972,0.2949720025062561,0.2598649859428406,0.27079498767852783,220715008,ADA-USD
2018-04-27,0.2884890139102936,0.3074690103530884,0.28778600692749023,0.29458901286125183,197183008,ADA-USD
2018-04-28,0.3578740060329437,0.36495399475097656,0.2871299982070923,0.2871299982070923,636742016,ADA-USD
2018-04-29,0.36505699157714844,0.3879010081291199,0.3475080132484436,0.3606700003147125,671886976,ADA-USD
2018-04-30,0.34331798553466797,0.3642970025539398,0.33662500977516174,0.3642970025539398,298712000,ADA-USD
2018-05-01,0.35869300365448,0.36326101422309875,0.32370099425315857,0.34295299649238586,365521984,ADA-USD
2018-05-02,0.3724200129508972,0.37670400738716125,0.34932398796081543,0.35760200023651123,272855008,ADA-USD
2018-05-03,0.3697090148925781,0.3897489905357361,0.3687889873981476,0.3719260096549988,300814016,ADA-USD
2018-05-04,0.360181987285614,0.3707770109176636,0.3508419990539551,0.3707770109176636,171266000,ADA-USD
2018-05-05,0.36633801460266113,0.37360501289367676,0.36096200346946716,0.3613179922103882,139447008,ADA-USD
2018-05-06,0.35002100467681885,0.36593300104141235,0.3414669930934906,0.36593300104141235,148186000,ADA-USD
2018-05-07,0.3351759910583496,0.349947988986969,0.3235059976577759,0.349947988986969,171384992,ADA-USD
2018-05-08,0.3283520042896271,0.34821900725364685,0.3230710029602051,0.3355950117111206,142455008,ADA-USD
2018-05-09,0.32359299063682556,0.3284260034561157,0.30445799231529236,0.3284260034561157,178122000,ADA-USD
2018-05-10,0.29708901047706604,0.3279080092906952,0.2963170111179352,0.3238790035247803,122958000,ADA-USD
2018-05-11,0.2601270079612732,0.2994619905948639,0.2481369972229004,0.2967970073223114,348752000,ADA-USD
2018-05-12,0.27093198895454407,0.2834100127220154,0.24127799272537231,0.2626489996910095,255480992,ADA-USD
2018-05-13,0.28589001297950745,0.2901510000228882,0.2643609941005707,0.27164000272750854,179522000,ADA-USD
2018-05-14,0.27343401312828064,0.2860879898071289,0.26108598709106445,0.28585198521614075,161643008,ADA-USD
2018-05-15,0.26015499234199524,0.27875998616218567,0.2576969861984253,0.2742690145969391,97408800,ADA-USD
2018-05-16,0.2563750147819519,0.26018598675727844,0.24371999502182007,0.25908198952674866,108749000,ADA-USD
2018-05-17,0.2436639964580536,0.2631109952926636,0.24219399690628052,0.25735199451446533,83683800,ADA-USD
2018-05-18,0.24554400146007538,0.2468090057373047,0.23478099703788757,0.2428160011768341,79212200,ADA-USD
2018-05-19,0.24327099323272705,0.2483540028333664,0.2389339953660965,0.24619899690151215,57778000,ADA-USD
2018-05-20,0.2561360001564026,0.2607850134372711,0.24097399413585663,0.2431430071592331,101310000,ADA-USD
2018-05-21,0.24884000420570374,0.2611689865589142,0.2471340000629425,0.25613000988960266,85090304,ADA-USD
2018-05-22,0.22440800070762634,0.2500759959220886,0.22340799868106842,0.24939699470996857,78363296,ADA-USD
2018-05-23,0.20287300646305084,0.2261500060558319,0.19879800081253052,0.22439299523830414,124268000,ADA-USD
2018-05-24,0.2089889943599701,0.21330200135707855,0.19310900568962097,0.20332400500774384,127678000,ADA-USD
2018-05-25,0.200654998421669,0.21063600480556488,0.19731999933719635,0.20905999839305878,83368000,ADA-USD
2018-05-26,0.19656699895858765,0.20549200475215912,0.1958950012922287,0.19976100325584412,60616400,ADA-USD
2018-05-27,0.1935569941997528,0.19643600285053253,0.1923220008611679,0.1963540017604828,58991000,ADA-USD
2018-05-28,0.17478300631046295,0.19497700035572052,0.174002006649971,0.1936960071325302,95106200,ADA-USD
2018-05-29,0.20318999886512756,0.2087389975786209,0.17415300011634827,0.17547500133514404,185184000,ADA-USD
2018-05-30,0.21114300191402435,0.21802300214767456,0.2011840045452118,0.203685000538826,222612000,ADA-USD
2018-05-31,0.22521400451660156,0.2300570011138916,0.20620499551296234,0.2103929966688156,202076000,ADA-USD
2018-06-01,0.22250699996948242,0.22918400168418884,0.2169550061225891,0.22453300654888153,130538000,ADA-USD
2018-06-02,0.227742001414299,0.22953100502490997,0.21924200654029846,0.22270099818706512,116435000,ADA-USD
2018-06-03,0.2281540036201477,0.23676100373268127,0.2251179963350296,0.22769999504089355,117208000,ADA-USD
2018-06-04,0.2140119969844818,0.23122799396514893,0.21229000389575958,0.2281550019979477,115605000,ADA-USD
2018-06-05,0.2204670011997223,0.22172799706459045,0.20481500029563904,0.21424700319766998,119846000,ADA-USD
2018-06-06,0.215720996260643,0.2208620011806488,0.21070800721645355,0.22056500613689423,84766304,ADA-USD
2018-06-07,0.21111899614334106,0.21935099363327026,0.20957300066947937,0.21610499918460846,76949400,ADA-USD
2018-06-08,0.20535799860954285,0.21084100008010864,0.20263400673866272,0.21083100140094757,68728600,ADA-USD
2018-06-09,0.20209099352359772,0.20966799557209015,0.20209099352359772,0.2052599936723709,51481400,ADA-USD
2018-06-10,0.1768680065870285,0.2015170007944107,0.1711290031671524,0.2015170007944107,137836000,ADA-USD
2018-06-11,0.1812800019979477,0.18193699419498444,0.16789300739765167,0.1762620061635971,89350704,ADA-USD
2018-06-12,0.16658499836921692,0.182888001203537,0.1627880036830902,0.18134799599647522,82885904,ADA-USD
2018-06-13,0.16040800511837006,0.16681799292564392,0.15120400488376617,0.1661359965801239,99731600,ADA-USD
2018-06-14,0.17237499356269836,0.17652100324630737,0.15536899864673615,0.1602499932050705,199562000,ADA-USD
2018-06-15,0.16274699568748474,0.17221799492835999,0.16192899644374847,0.17221799492835999,73950496,ADA-USD
2018-06-16,0.16296200454235077,0.16462799906730652,0.15985600650310516,0.16274100542068481,42213400,ADA-USD
2018-06-17,0.16137999296188354,0.16447700560092926,0.1610269993543625,0.16313700377941132,35748800,ADA-USD
2018-06-18,0.1641169935464859,0.1675110012292862,0.1567080020904541,0.16112199425697327,55507800,ADA-USD
2018-06-19,0.1671849936246872,0.1699029952287674,0.16211700439453125,0.16470199823379517,69854400,ADA-USD
2018-06-20,0.16198499500751495,0.16733099520206451,0.15679700672626495,0.1667809933423996,83625600,ADA-USD
2018-06-21,0.1585559993982315,0.16375699639320374,0.15755100548267365,0.1620510071516037,41237700,ADA-USD
2018-06-22,0.13983899354934692,0.15901899337768555,0.13742899894714355,0.15846000611782074,79062000,ADA-USD
2018-06-23,0.1378680020570755,0.14327900111675262,0.13485200703144073,0.14033399522304535,38721800,ADA-USD
2018-06-24,0.1327030062675476,0.13859200477600098,0.12196200340986252,0.13835500180721283,73037504,ADA-USD
2018-06-25,0.13526900112628937,0.13825400173664093,0.1285559982061386,0.13232100009918213,57752100,ADA-USD
2018-06-26,0.12609900534152985,0.13605499267578125,0.12609900534152985,0.1356229931116104,32927500,ADA-USD
2018-06-27,0.12744399905204773,0.12800000607967377,0.12392500042915344,0.12655100226402283,37072400,ADA-USD
2018-06-28,0.11931999772787094,0.1285029947757721,0.11849799752235413,0.12739300727844238,42250100,ADA-USD
2018-06-29,0.12571999430656433,0.12743599712848663,0.11467400193214417,0.11939699947834015,65802200,ADA-USD
2018-06-30,0.13767099380493164,0.138372004032135,0.12603600323200226,0.12603600323200226,104599000,ADA-USD
2018-07-01,0.14220799505710602,0.14573100209236145,0.13386599719524384,0.138264000415802,108733000,ADA-USD
2018-07-02,0.15827800333499908,0.16193599998950958,0.13863900303840637,0.14259099960327148,161860000,ADA-USD
2018-07-03,0.15065500140190125,0.1666869968175888,0.14946100115776062,0.15852199494838715,108280000,ADA-USD
2018-07-04,0.15095999836921692,0.15990400314331055,0.14688299596309662,0.1501999944448471,86594896,ADA-USD
2018-07-05,0.14892099797725677,0.154571995139122,0.14510400593280792,0.15159699320793152,73881296,ADA-USD
2018-07-06,0.1460839956998825,0.1487489938735962,0.13947300612926483,0.1487489938735962,69138800,ADA-USD
2018-07-07,0.15037299692630768,0.15037299692630768,0.13890400528907776,0.14625699818134308,47965500,ADA-USD
2018-07-08,0.14538900554180145,0.15138499438762665,0.14476199448108673,0.1499529927968979,48142400,ADA-USD
2018-07-09,0.13997100293636322,0.14611099660396576,0.13994799554347992,0.14534500241279602,42768500,ADA-USD
2018-07-10,0.12879200279712677,0.14065399765968323,0.12879200279712677,0.13972899317741394,62318800,ADA-USD
2018-07-11,0.13148300349712372,0.13392500579357147,0.12646600604057312,0.12880100309848785,50179700,ADA-USD
2018-07-12,0.12718099355697632,0.13155999779701233,0.12315399944782257,0.13155999779701233,37623900,ADA-USD
2018-07-13,0.13788700103759766,0.14172899723052979,0.12602700293064117,0.1272989958524704,92778496,ADA-USD
2018-07-14,0.1370919942855835,0.13989099860191345,0.13385100662708282,0.1383650004863739,55022100,ADA-USD
2018-07-15,0.14226199686527252,0.14551100134849548,0.13527700304985046,0.1370290070772171,50143900,ADA-USD
2018-07-16,0.1561180055141449,0.1567550003528595,0.14097799360752106,0.14227700233459473,90578096,ADA-USD
2018-07-17,0.170864999294281,0.17461900413036346,0.1503790020942688,0.1549150049686432,133441000,ADA-USD
2018-07-18,0.17937800288200378,0.19292999804019928,0.1702989935874939,0.1702989935874939,323366016,ADA-USD
2018-07-19,0.180868998169899,0.18949900567531586,0.17231200635433197,0.17898599803447723,216980992,ADA-USD
2018-07-20,0.1621749997138977,0.18264999985694885,0.16164399683475494,0.17989300191402435,215667008,ADA-USD
2018-07-21,0.16363699734210968,0.16884100437164307,0.1557289958000183,0.16199399530887604,125996000,ADA-USD
2018-07-22,0.17027699947357178,0.17781400680541992,0.1630609929561615,0.16387400031089783,139332992,ADA-USD
2018-07-23,0.16402800381183624,0.1793929934501648,0.16402800381183624,0.16952599585056305,147071008,ADA-USD
2018-07-24,0.1731719970703125,0.17675699293613434,0.16127899289131165,0.16473600268363953,191390000,ADA-USD
2018-07-25,0.17273099720478058,0.17530399560928345,0.1668200045824051,0.17236000299453735,123649000,ADA-USD
2018-07-26,0.16476500034332275,0.1747400015592575,0.16249699890613556,0.17241600155830383,84282200,ADA-USD
2018-07-27,0.16553999483585358,0.16870899498462677,0.15666000545024872,0.164450004696846,103693000,ADA-USD
2018-07-28,0.1633799970149994,0.16622799634933472,0.1600240021944046,0.16622799634933472,51592200,ADA-USD
2018-07-29,0.16331300139427185,0.16477200388908386,0.16041900217533112,0.1641629934310913,47319500,ADA-USD
2018-07-30,0.15408700704574585,0.16323399543762207,0.14927999675273895,0.16323399543762207,69612600,ADA-USD
2018-07-31,0.1432970017194748,0.15418699383735657,0.1407729983329773,0.1540669947862625,93183800,ADA-USD
2018-08-01,0.14090099930763245,0.14503799378871918,0.13718000054359436,0.1430860012769699,79987900,ADA-USD
2018-08-02,0.13194100558757782,0.1424809992313385,0.13046899437904358,0.1413159966468811,68531400,ADA-USD
2018-08-03,0.13025499880313873,0.13483500480651855,0.12454500049352646,0.13141599297523499,77768900,ADA-USD
2018-08-04,0.1275469958782196,0.1345909982919693,0.1254120022058487,0.1307709962129593,54577300,ADA-USD
2018-08-05,0.13172100484371185,0.13202999532222748,0.12551699578762054,0.12729200720787048,43901500,ADA-USD
2018-08-06,0.1305530071258545,0.13640399277210236,0.1281609982252121,0.13091899454593658,57534800,ADA-USD
2018-08-07,0.12537799775600433,0.1331000030040741,0.12460099905729294,0.13092300295829773,57321700,ADA-USD
2018-08-08,0.11375200003385544,0.12559400498867035,0.112636998295784,0.12559400498867035,82209700,ADA-USD
2018-08-09,0.12350700050592422,0.1270820051431656,0.11450699716806412,0.11450699716806412,93016600,ADA-USD
2018-08-10,0.11635500192642212,0.12496600300073624,0.1137470006942749,0.1240909993648529,71125700,ADA-USD
2018-08-11,0.11243899911642075,0.11666899919509888,0.10919500142335892,0.11644399911165237,65816400,ADA-USD
2018-08-12,0.11297000199556351,0.1147880032658577,0.1116579994559288,0.1124970018863678,35031500,ADA-USD
2018-08-13,0.10290999710559845,0.11571399867534637,0.10269799828529358,0.11318299919366837,56974900,ADA-USD
2018-08-14,0.09466200321912766,0.10277900099754333,0.08695100247859955,0.10277900099754333,111693000,ADA-USD
2018-08-15,0.09504000097513199,0.1010809987783432,0.09466499835252762,0.095489002764225,91346700,ADA-USD
2018-08-16,0.09533099830150604,0.09857200086116791,0.09319800138473511,0.09503600001335144,50188900,ADA-USD
2018-08-17,0.10988699644804001,0.10991699993610382,0.09517200291156769,0.09568200260400772,103569000,ADA-USD
2018-08-18,0.09978500008583069,0.11247699707746506,0.0974849984049797,0.10984700173139572,101454000,ADA-USD
2018-08-19,0.10243699699640274,0.1043580025434494,0.09811999648809433,0.09974399954080582,51106900,ADA-USD
2018-08-20,0.09376399964094162,0.10372799634933472,0.0936179980635643,0.10224299877882004,53939600,ADA-USD
2018-08-21,0.09500300139188766,0.09605100005865097,0.09191899746656418,0.09316100180149078,49545100,ADA-USD
2018-08-22,0.09014900028705597,0.10012800246477127,0.08808799833059311,0.0950160026550293,64566000,ADA-USD
2018-08-23,0.0924530029296875,0.09333900362253189,0.08916500210762024,0.09020499885082245,37397400,ADA-USD
2018-08-24,0.09407699853181839,0.09436299651861191,0.09094800055027008,0.09284599870443344,35302400,ADA-USD
2018-08-25,0.09428200125694275,0.09500700235366821,0.09234999865293503,0.09430500119924545,30674700,ADA-USD
2018-08-26,0.0933379977941513,0.09462500363588333,0.0914049968123436,0.09426199644804001,26907400,ADA-USD
2018-08-27,0.10026399791240692,0.10079500079154968,0.09252200275659561,0.09317799657583237,55515600,ADA-USD
2018-08-28,0.10548000037670135,0.10665500164031982,0.10003200173377991,0.10056500136852264,79059500,ADA-USD
2018-08-29,0.1054690033197403,0.108924001455307,0.10218600183725357,0.10561099648475647,83582300,ADA-USD
2018-08-30,0.10056000202894211,0.10714399814605713,0.09728600084781647,0.1052049994468689,64807500,ADA-USD
2018-08-31,0.10219600051641464,0.10275600105524063,0.09925500303506851,0.1009019985795021,42250400,ADA-USD
2018-09-01,0.10682699829339981,0.1089010015130043,0.10187699645757675,0.10187699645757675,70208900,ADA-USD
2018-09-02,0.10443200170993805,0.10718200355768204,0.10251100361347198,0.10690300166606903,58391900,ADA-USD
2018-09-03,0.10360699892044067,0.10519299656152725,0.10252899676561356,0.10464999824762344,53687200,ADA-USD
2018-09-04,0.10526499897241592,0.1065090000629425,0.10338500142097473,0.10348399728536606,54317400,ADA-USD
2018-09-05,0.08756899833679199,0.10621699690818787,0.08756899833679199,0.1052670031785965,98708900,ADA-USD
2018-09-06,0.08866599947214127,0.08942899852991104,0.08313000202178955,0.08752500265836716,73239200,ADA-USD
2018-09-07,0.08398299664258957,0.08964499831199646,0.08345600217580795,0.08852100372314453,41868100,ADA-USD
2018-09-08,0.07823500037193298,0.0851299986243248,0.07750499993562698,0.0841199979186058,35208700,ADA-USD
2018-09-09,0.07664299756288528,0.08114799857139587,0.0750259980559349,0.0784429982304573,47870100,ADA-USD
2018-09-10,0.07350800186395645,0.0781330019235611,0.07220900058746338,0.07727699726819992,44682000,ADA-USD
2018-09-11,0.07051300257444382,0.07474999874830246,0.06714499741792679,0.0741799995303154,47614500,ADA-USD
2018-09-12,0.06674499809741974,0.0707940012216568,0.0617079995572567,0.0707940012216568,91272400,ADA-USD
2018-09-13,0.06982900202274323,0.07093100249767303,0.06571699678897858,0.06705299764871597,86011700,ADA-USD
2018-09-14,0.06824800372123718,0.07071900367736816,0.06610699743032455,0.07009399682283401,62256800,ADA-USD
2018-09-15,0.06932199746370316,0.07036499679088593,0.06779800355434418,0.0679280012845993,34842300,ADA-USD
2018-09-16,0.0699630007147789,0.06998100131750107,0.06661999970674515,0.06915300339460373,32643600,ADA-USD
2018-09-17,0.06389900296926498,0.07027000188827515,0.06341499835252762,0.0698539987206459,48609600,ADA-USD
2018-09-18,0.06943000108003616,0.07022000104188919,0.06259900331497192,0.06356800347566605,67159000,ADA-USD
2018-09-19,0.07235000282526016,0.07441399991512299,0.06741300225257874,0.06914599984884262,96071300,ADA-USD
2018-09-20,0.08149299770593643,0.08266100287437439,0.07151400297880173,0.07243900001049042,103788000,ADA-USD
2018-09-21,0.08760599792003632,0.08990799635648727,0.08122999966144562,0.08177799731492996,212274000,ADA-USD
2018-09-22,0.08319299668073654,0.08839000016450882,0.08032599836587906,0.08765999972820282,82526800,ADA-USD
2018-09-23,0.08975400030612946,0.09322500228881836,0.08289399743080139,0.08348800241947174,149996000,ADA-USD
2018-09-24,0.08275400102138519,0.09135399758815765,0.08231399953365326,0.08970600366592407,89522100,ADA-USD
2018-09-25,0.08102799952030182,0.0823030024766922,0.07537800073623657,0.0823030024766922,87535200,ADA-USD
2018-09-26,0.079475998878479,0.08287099748849869,0.07717200368642807,0.08099199831485748,64321400,ADA-USD
2018-09-27,0.08600100129842758,0.08763600140810013,0.07842099666595459,0.07946600019931793,101911000,ADA-USD
2018-09-28,0.08403199911117554,0.08832699805498123,0.08204499632120132,0.0864029973745346,89113600,ADA-USD
2018-09-29,0.08460599929094315,0.08637099713087082,0.08170799911022186,0.08371199667453766,55854000,ADA-USD
2018-09-30,0.08519499748945236,0.08680400252342224,0.0834209993481636,0.08436799794435501,49853100,ADA-USD
2018-10-01,0.08446899801492691,0.0858059972524643,0.08263599872589111,0.08529199659824371,42076400,ADA-USD
2018-10-02,0.08252499997615814,0.08468099683523178,0.0823879987001419,0.08460400253534317,34775200,ADA-USD
2018-10-03,0.0807889997959137,0.08240500092506409,0.07917500287294388,0.08203200250864029,38063700,ADA-USD
2018-10-04,0.08130399882793427,0.08278899639844894,0.08053400367498398,0.08081799745559692,31665100,ADA-USD
2018-10-05,0.08299099653959274,0.08309099823236465,0.08068999648094177,0.08138100057840347,31160900,ADA-USD
2018-10-06,0.08130300045013428,0.08372899889945984,0.08098500221967697,0.08330900222063065,26277600,ADA-USD
2018-10-07,0.08465799689292908,0.08515100181102753,0.08074100315570831,0.08145400136709213,34848400,ADA-USD
2018-10-08,0.08660700172185898,0.08816900104284286,0.08319800347089767,0.08453100174665451,62079800,ADA-USD
2018-10-09,0.0863569974899292,0.08751100301742554,0.08446100354194641,0.08677300065755844,38710200,ADA-USD
2018-10-10,0.0846790000796318,0.08643200248479843,0.08354199677705765,0.08634500205516815,35888200,ADA-USD
2018-10-11,0.07093899697065353,0.08455199748277664,0.07002600282430649,0.08452499657869339,72659700,ADA-USD
2018-10-12,0.07321400195360184,0.07587999850511551,0.0698390007019043,0.07033900171518326,40979000,ADA-USD
2018-10-13,0.07310300320386887,0.07489000260829926,0.0724710002541542,0.07263699918985367,23571900,ADA-USD
2018-10-14,0.07129299640655518,0.07377500087022781,0.07071500271558762,0.07306300103664398,26250600,ADA-USD
2018-10-15,0.07478900253772736,0.07862400263547897,0.06977300345897675,0.07043600082397461,71953000,ADA-USD
2018-10-16,0.07581400126218796,0.07662499696016312,0.07439199835062027,0.07478799670934677,26555800,ADA-USD
2018-10-17,0.07740800082683563,0.07827100157737732,0.07510200142860413,0.07586000114679337,36907800,ADA-USD
2018-10-18,0.07513099908828735,0.07795500010251999,0.07425999641418457,0.07753600180149078,28634400,ADA-USD
2018-10-19,0.07583600282669067,0.0764629989862442,0.07442700117826462,0.07502199709415436,18153800,ADA-USD
2018-10-20,0.07634200155735016,0.0771460011601448,0.07520200312137604,0.07578899711370468,20363900,ADA-USD
2018-10-21,0.075873002409935,0.07753600180149078,0.07560200244188309,0.07630500197410583,17620200,ADA-USD
2018-10-22,0.07577600330114365,0.0765099972486496,0.07514499872922897,0.07575400173664093,16871700,ADA-USD
2018-10-23,0.07474300265312195,0.07613900303840637,0.07307200133800507,0.07586400210857391,20710600,ADA-USD
2018-10-24,0.07432100176811218,0.07565200328826904,0.07415000349283218,0.07461199909448624,14151400,ADA-USD
2018-10-25,0.07385899871587753,0.07434500008821487,0.0731630027294159,0.0742890015244484,12567300,ADA-USD
2018-10-26,0.07371299713850021,0.07395999878644943,0.07267899811267853,0.07374799996614456,13464800,ADA-USD
2018-10-27,0.07288599759340286,0.07379200309515,0.0728679969906807,0.07368700206279755,10316000,ADA-USD
2018-10-28,0.07316599786281586,0.07329600304365158,0.07236099988222122,0.0730300024151802,11226100,ADA-USD
2018-10-29,0.06962700188159943,0.07321500033140182,0.0688989982008934,0.07304199784994125,21315700,ADA-USD
2018-10-30,0.06964699923992157,0.07002399861812592,0.06922599673271179,0.06963200122117996,11418800,ADA-USD
2018-10-31,0.06970500200986862,0.06982900202274323,0.06788299977779388,0.06972300261259079,16366000,ADA-USD
2018-11-01,0.07086700201034546,0.07146400213241577,0.06911899894475937,0.06969799846410751,11256600,ADA-USD
2018-11-02,0.07258400321006775,0.07304000109434128,0.07078800350427628,0.07081399857997894,18823400,ADA-USD
2018-11-03,0.07147900015115738,0.07262100279331207,0.07082200050354004,0.07256100326776505,14948900,ADA-USD
2018-11-04,0.07622899860143661,0.07730700075626373,0.0712909996509552,0.07149200141429901,52924200,ADA-USD
2018-11-05,0.07614800333976746,0.07887999713420868,0.07474499940872192,0.07596100121736526,34358100,ADA-USD
2018-11-06,0.0809520035982132,0.0809520035982132,0.07633700221776962,0.07633700221776962,49473200,ADA-USD
2018-11-07,0.0785439983010292,0.08130999654531479,0.07801699638366699,0.08101999759674072,36852900,ADA-USD
2018-11-08,0.07649300247430801,0.07942400127649307,0.07626300305128098,0.07839100062847137,32149600,ADA-USD
2018-11-09,0.0742259994149208,0.07742899656295776,0.07391200214624405,0.07632400095462799,23756800,ADA-USD
2018-11-10,0.0752210021018982,0.07599200308322906,0.0740559995174408,0.07416699826717377,15012100,ADA-USD
2018-11-11,0.07648099958896637,0.07737299799919128,0.07443799823522568,0.07516500353813171,23663500,ADA-USD
2018-11-12,0.07600100338459015,0.0772159993648529,0.0749489963054657,0.07681799679994583,20975100,ADA-USD
2018-11-13,0.07360299676656723,0.07596500217914581,0.07325199991464615,0.07588300108909607,20329300,ADA-USD
2018-11-14,0.06482400000095367,0.07344099879264832,0.061799999326467514,0.07343900203704834,54964400,ADA-USD
2018-11-15,0.06354299932718277,0.06524500250816345,0.05824999883770943,0.06484699994325638,60267800,ADA-USD
2018-11-16,0.06115100160241127,0.0640529990196228,0.060242000967264175,0.06324200332164764,27544700,ADA-USD
2018-11-17,0.060674998909235,0.06106200069189072,0.059553999453783035,0.06106200069189072,17926300,ADA-USD
2018-11-18,0.06191600114107132,0.06293299794197083,0.06080299988389015,0.06080299988389015,16669400,ADA-USD
2018-11-19,0.05258199945092201,0.06190299987792969,0.05198900029063225,0.06190299987792969,53737000,ADA-USD
2018-11-20,0.044776998460292816,0.05273199826478958,0.0428679995238781,0.052657999098300934,65556800,ADA-USD
2018-11-21,0.04777999967336655,0.04822999984025955,0.04302699863910675,0.045148998498916626,33938000,ADA-USD
2018-11-22,0.04425499960780144,0.04853200167417526,0.04425499960780144,0.047885000705718994,18689900,ADA-USD
2018-11-23,0.04341199994087219,0.0446619987487793,0.04167100042104721,0.04406199976801872,24258500,ADA-USD
2018-11-24,0.038458000868558884,0.044300999492406845,0.03693300113081932,0.04341999813914299,25740400,ADA-USD
2018-11-25,0.03772500157356262,0.03883599862456322,0.03279799968004227,0.038628000766038895,40704000,ADA-USD
2018-11-26,0.03580600023269653,0.03937799856066704,0.03411699831485748,0.03776099905371666,31641100,ADA-USD
2018-11-27,0.0364609993994236,0.03698199987411499,0.034028999507427216,0.03568200021982193,17966300,ADA-USD
2018-11-28,0.042020998895168304,0.04410799965262413,0.03650999814271927,0.03650999814271927,47624500,ADA-USD
2018-11-29,0.0418660007417202,0.04451800137758255,0.039716001600027084,0.04226899892091751,39544072,ADA-USD
2018-11-30,0.03891599923372269,0.042309001088142395,0.037721000611782074,0.04198399931192398,28861639,ADA-USD
2018-12-01,0.041467998176813126,0.042520999908447266,0.03815700113773346,0.03899100050330162,19314340,ADA-USD
2018-12-02,0.0416719987988472,0.043285999447107315,0.04069000110030174,0.041349999606609344,23206023,ADA-USD
2018-12-03,0.03867100179195404,0.04188400134444237,0.038026999682188034,0.041873998939991,21282053,ADA-USD
2018-12-04,0.03769899904727936,0.03984199836850166,0.037386998534202576,0.03855700045824051,23563420,ADA-USD
2018-12-05,0.034251000732183456,0.037714000791311264,0.034251000732183456,0.03765900060534477,26250706,ADA-USD
2018-12-06,0.03079799935221672,0.03550099954009056,0.03079799935221672,0.034318000078201294,27195357,ADA-USD
2018-12-07,0.029864000156521797,0.030796999111771584,0.027393000200390816,0.030796999111771584,31750703,ADA-USD
2018-12-08,0.030678000301122665,0.03180700168013573,0.028867000713944435,0.029812000691890717,19987029,ADA-USD
2018-12-09,0.031693000346422195,0.03251500055193901,0.030226999893784523,0.030642999336123466,16588924,ADA-USD
2018-12-10,0.030202999711036682,0.03206799924373627,0.029805999249219894,0.03165299817919731,12553718,ADA-USD
2018-12-11,0.029550999402999878,0.030433999374508858,0.028914999216794968,0.03011699952185154,10444631,ADA-USD
2018-12-12,0.030609000474214554,0.03111499920487404,0.029304999858140945,0.02943900041282177,11071814,ADA-USD
2018-12-13,0.029190000146627426,0.0307219997048378,0.0290290005505085,0.03063499927520752,11234575,ADA-USD
2018-12-14,0.02835799939930439,0.0295570008456707,0.027912000194191933,0.029234999790787697,9205271,ADA-USD
2018-12-15,0.02827399969100952,0.028567999601364136,0.02779100090265274,0.028395000845193863,8387951,ADA-USD
2018-12-16,0.029102999716997147,0.029696999117732048,0.02818799950182438,0.028202999383211136,10366601,ADA-USD
2018-12-17,0.03282399848103523,0.03384999930858612,0.029099000617861748,0.02917500026524067,37555983,ADA-USD
2018-12-18,0.034735001623630524,0.034912001341581345,0.03216699883341789,0.03282000124454498,78783798,ADA-USD
2018-12-19,0.03454500064253807,0.03826500102877617,0.03449099883437157,0.03486299887299538,43168563,ADA-USD
2018-12-20,0.03940099850296974,0.039886001497507095,0.034026000648736954,0.03421200066804886,43040801,ADA-USD
2018-12-21,0.04079600051045418,0.045510001480579376,0.03863200172781944,0.03907899931073189,93581789,ADA-USD
2018-12-22,0.04200899973511696,0.042155999690294266,0.03861299902200699,0.040658000856637955,31227246,ADA-USD
2018-12-23,0.04422999918460846,0.04485499858856201,0.041818998754024506,0.04220300167798996,40656190,ADA-USD
2018-12-24,0.045715998858213425,0.049281999468803406,0.04428600147366524,0.04428600147366524,57936798,ADA-USD
2018-12-25,0.04151099920272827,0.04567499831318855,0.039243001490831375,0.04567499831318855,38493644,ADA-USD
2018-12-26,0.0411980003118515,0.04303500056266785,0.039076000452041626,0.04160299897193909,27218409,ADA-USD
2018-12-27,0.03694399818778038,0.041689999401569366,0.03654799982905388,0.04122500121593475,22969395,ADA-USD
2018-12-28,0.04186199977993965,0.04263399913907051,0.03650100156664848,0.03701699897646904,26948333,ADA-USD
2018-12-29,0.04150800034403801,0.04394000023603439,0.04120999947190285,0.04187300056219101,30992034,ADA-USD
2018-12-30,0.04328000172972679,0.043664999306201935,0.040842000395059586,0.04159700125455856,27767174,ADA-USD
2018-12-31,0.04106299951672554,0.04336399957537651,0.04049300029873848,0.04323200136423111,19280457,ADA-USD
2019-01-01,0.04254699870944023,0.04254699870944023,0.04030799865722656,0.04098400101065636,14962902,ADA-USD
2019-01-02,0.04525800049304962,0.045563001185655594,0.04198199883103371,0.04256799817085266,24151526,ADA-USD
2019-01-03,0.04268199950456619,0.04525899887084961,0.042534999549388885,0.04510600119829178,21126963,ADA-USD
2019-01-04,0.04381199926137924,0.044091999530792236,0.04247700050473213,0.042628999799489975,16024029,ADA-USD
2019-01-05,0.044700998812913895,0.045570001006126404,0.04334999993443489,0.04365900158882141,25100965,ADA-USD
2019-01-06,0.049261000007390976,0.049637001007795334,0.04470900073647499,0.04470900073647499,51366407,ADA-USD
2019-01-07,0.047995999455451965,0.05074400082230568,0.047579001635313034,0.04926599934697151,45688431,ADA-USD
2019-01-08,0.04852500185370445,0.05002100020647049,0.04674899950623512,0.04814000055193901,34626383,ADA-USD
2019-01-09,0.05216899886727333,0.05274000018835068,0.04853300005197525,0.04856700077652931,55364234,ADA-USD
2019-01-10,0.04452899843454361,0.05463600158691406,0.04275599867105484,0.052048999816179276,91162431,ADA-USD
2019-01-11,0.04414699971675873,0.04515700042247772,0.04274899885058403,0.044321998953819275,35963011,ADA-USD
2019-01-12,0.04370399937033653,0.04462999850511551,0.04309900104999542,0.04415399953722954,18224445,ADA-USD
2019-01-13,0.040240999311208725,0.04381199926137924,0.039806999266147614,0.04381199926137924,21758341,ADA-USD
2019-01-14,0.04405900090932846,0.04448400065302849,0.0402039997279644,0.04024900123476982,30269131,ADA-USD
2019-01-15,0.042810000479221344,0.04438500106334686,0.042045000940561295,0.0441569983959198,24504027,ADA-USD
2019-01-16,0.044776998460292816,0.045246999710798264,0.042514000087976456,0.042768001556396484,35481507,ADA-USD
2019-01-17,0.04531800001859665,0.04622200131416321,0.04402400180697441,0.044867999851703644,38222964,ADA-USD
2019-01-18,0.04431600123643875,0.04530800133943558,0.043956998735666275,0.04530800133943558,18937100,ADA-USD
2019-01-19,0.04574999958276749,0.04644099995493889,0.04398399963974953,0.04427500069141388,23657402,ADA-USD
2019-01-20,0.043476998805999756,0.04598100110888481,0.042552001774311066,0.045673999935388565,26755022,ADA-USD
2019-01-21,0.04293699935078621,0.04367100074887276,0.0425340011715889,0.04354099929332733,16583935,ADA-USD
2019-01-22,0.043577998876571655,0.04408000037074089,0.04187599942088127,0.04288899898529053,22963399,ADA-USD
2019-01-23,0.042899999767541885,0.04411200061440468,0.042695000767707825,0.04354799911379814,15241102,ADA-USD
2019-01-24,0.04302699863910675,0.043487001210451126,0.04253700003027916,0.04293699935078621,12440167,ADA-USD
2019-01-25,0.04269099980592728,0.043248001486063004,0.04245400056242943,0.04309700056910515,12663796,ADA-USD
2019-01-26,0.04264900088310242,0.04353899881243706,0.04253299906849861,0.04268699884414673,13550564,ADA-USD
2019-01-27,0.04116800054907799,0.04267999902367592,0.04089700058102608,0.0426659993827343,20835107,ADA-USD
2019-01-28,0.03877200186252594,0.04131799936294556,0.037282999604940414,0.04113699868321419,30041137,ADA-USD
2019-01-29,0.03825100138783455,0.039420001208782196,0.03704399988055229,0.0387130007147789,19526240,ADA-USD
2019-01-30,0.03965599834918976,0.04007500037550926,0.03779799863696098,0.0381769984960556,26151501,ADA-USD
2019-01-31,0.038373999297618866,0.04028699919581413,0.03795300051569939,0.039698999375104904,22222102,ADA-USD
2019-02-01,0.03867800161242485,0.039135999977588654,0.03711700066924095,0.038440998643636703,18778624,ADA-USD
2019-02-02,0.03931700065732002,0.03931700065732002,0.03822200000286102,0.03859800100326538,12312317,ADA-USD
2019-02-03,0.03802900016307831,0.03941100090742111,0.0378119982779026,0.03925900161266327,12940762,ADA-USD
2019-02-04,0.03785699978470802,0.03859499841928482,0.03779599815607071,0.03813000023365021,12233074,ADA-USD
2019-02-05,0.03789599984884262,0.038346998393535614,0.03744399920105934,0.03782400116324425,13348305,ADA-USD
2019-02-06,0.0366629995405674,0.03799299895763397,0.03606000170111656,0.03799299895763397,17351384,ADA-USD
2019-02-07,0.036396000534296036,0.037181999534368515,0.03633200004696846,0.03665100038051605,12424740,ADA-USD
2019-02-08,0.04075099900364876,0.041207000613212585,0.0362280011177063,0.0363989993929863,32705206,ADA-USD
2019-02-09,0.041058000177145004,0.0419900007545948,0.040456000715494156,0.04077500104904175,18529365,ADA-USD
2019-02-10,0.042830001562833786,0.042994000017642975,0.04000699892640114,0.04104999825358391,22634047,ADA-USD
2019-02-11,0.04173300042748451,0.042771998792886734,0.041485000401735306,0.042771998792886734,17847243,ADA-USD
2019-02-12,0.04175100103020668,0.04199099913239479,0.04063500091433525,0.041680000722408295,14893311,ADA-USD
2019-02-13,0.04111799970269203,0.04230999946594238,0.04104800149798393,0.04175499826669693,12736280,ADA-USD
2019-02-14,0.040539998561143875,0.04135499894618988,0.04022200033068657,0.0411360003054142,11428290,ADA-USD
2019-02-15,0.0406000018119812,0.04136599972844124,0.04025299847126007,0.040536001324653625,13336096,ADA-USD
2019-02-16,0.041025999933481216,0.04125399887561798,0.0405689999461174,0.04061900079250336,11097836,ADA-USD
2019-02-17,0.04145200178027153,0.041843999177217484,0.04061200097203255,0.041026998311281204,15275650,ADA-USD
2019-02-18,0.045605000108480453,0.04668999835848808,0.04137999936938286,0.041467998176813126,36845046,ADA-USD
2019-02-19,0.04615800082683563,0.04802599921822548,0.0456559993326664,0.04568200185894966,42563543,ADA-USD
2019-02-20,0.047550998628139496,0.04766499996185303,0.0452909991145134,0.04617699980735779,25594089,ADA-USD
2019-02-21,0.04496899992227554,0.04777900129556656,0.04473999887704849,0.04758400097489357,25111686,ADA-USD
2019-02-22,0.04616300016641617,0.04616300016641617,0.04483800008893013,0.04504099860787392,17691042,ADA-USD
2019-02-23,0.04859299957752228,0.04888499900698662,0.045719001442193985,0.0459819994866848,27665133,ADA-USD
2019-02-24,0.0424560010433197,0.05045999959111214,0.04206399992108345,0.04872699826955795,51650807,ADA-USD
2019-02-25,0.04404300078749657,0.04456799849867821,0.04216799885034561,0.04216799885034561,24692110,ADA-USD
2019-02-26,0.04330400004982948,0.04401899874210358,0.04279800131917,0.04396500065922737,16641229,ADA-USD
2019-02-27,0.04326999932527542,0.04382200166583061,0.042096998542547226,0.04332900047302246,18346578,ADA-USD
2019-02-28,0.043122999370098114,0.04372499883174896,0.04294800013303757,0.04324499890208244,14678619,ADA-USD
2019-03-01,0.043278999626636505,0.044112998992204666,0.04307800158858299,0.043111998587846756,12997144,ADA-USD
2019-03-02,0.042837999761104584,0.04353199899196625,0.042479999363422394,0.043216999620199203,11304263,ADA-USD
2019-03-03,0.04231199994683266,0.04299600049853325,0.04215800017118454,0.04285300150513649,11011517,ADA-USD
2019-03-04,0.04060199856758118,0.04247700050473213,0.03982999920845032,0.04230299964547157,18487838,ADA-USD
2019-03-05,0.04321200028061867,0.04335299879312515,0.04029899835586548,0.040598999708890915,20952204,ADA-USD
2019-03-06,0.04284299910068512,0.043469998985528946,0.042353998869657516,0.043184999376535416,15221353,ADA-USD
2019-03-07,0.04294399917125702,0.043581001460552216,0.04251300171017647,0.04284999892115593,17201356,ADA-USD
2019-03-08,0.042663998901844025,0.043793998658657074,0.04246100038290024,0.042952001094818115,20315017,ADA-USD
2019-03-09,0.04672800004482269,0.04695099964737892,0.04265600070357323,0.04268600046634674,52185658,ADA-USD
2019-03-10,0.04569799825549126,0.04675399884581566,0.04446300119161606,0.04675399884581566,27465022,ADA-USD
2019-03-11,0.04763299971818924,0.04852500185370445,0.044978998601436615,0.04569699987769127,54732770,ADA-USD
2019-03-12,0.04739699885249138,0.04821600019931793,0.045892998576164246,0.04766499996185303,35348849,ADA-USD
2019-03-13,0.04659000039100647,0.048583999276161194,0.04621100053191185,0.04736600071191788,29855262,ADA-USD
2019-03-14,0.048055000603199005,0.04825200140476227,0.046348001807928085,0.046574998646974564,26216581,ADA-USD
2019-03-15,0.05007699877023697,0.050829000771045685,0.04795600101351738,0.047986000776290894,42730118,ADA-USD
2019-03-16,0.051621001213788986,0.051876001060009,0.04974000155925751,0.05011200159788132,44616837,ADA-USD
2019-03-17,0.050207000225782394,0.05176199972629547,0.05001499876379967,0.051600001752376556,28870445,ADA-USD
2019-03-18,0.05045200139284134,0.05113400146365166,0.049667999148368835,0.050310999155044556,37198857,ADA-USD
2019-03-19,0.05259399861097336,0.05369099974632263,0.0497560016810894,0.050457000732421875,46089908,ADA-USD
2019-03-20,0.05389099940657616,0.053922999650239944,0.05136600136756897,0.05271900072693825,47370106,ADA-USD
2019-03-21,0.05290000140666962,0.054958000779151917,0.05076700076460838,0.053957000374794006,66543590,ADA-USD
2019-03-22,0.05806199833750725,0.059172000735998154,0.052668001502752304,0.05290599912405014,119817467,ADA-USD
2019-03-23,0.0637810006737709,0.06472700089216232,0.05704699829220772,0.057992998510599136,137854804,ADA-USD
2019-03-24,0.06170399859547615,0.06434699892997742,0.05971499904990196,0.06372299790382385,102441666,ADA-USD
2019-03-25,0.05902500078082085,0.06185000017285347,0.057534001767635345,0.06185000017285347,74748665,ADA-USD
2019-03-26,0.062369998544454575,0.062369998544454575,0.05913100019097328,0.059206001460552216,79200006,ADA-USD
2019-03-27,0.0675949975848198,0.06833100318908691,0.0612730011343956,0.06223199889063835,113386031,ADA-USD
2019-03-28,0.06582800298929214,0.06759300082921982,0.06500300019979477,0.06759300082921982,78259560,ADA-USD
2019-03-29,0.07128900289535522,0.07277700304985046,0.06576299667358398,0.06576299667358398,125904170,ADA-USD
2019-03-30,0.07173900306224823,0.07371199876070023,0.06840500235557556,0.07125700265169144,94907668,ADA-USD
2019-03-31,0.0697460025548935,0.07212500274181366,0.06939300149679184,0.07173900306224823,67772020,ADA-USD
2019-04-01,0.07232999801635742,0.07275599986314774,0.06901899725198746,0.06965100020170212,81836247,ADA-USD
2019-04-02,0.08546700328588486,0.08546700328588486,0.07090800255537033,0.07231000065803528,201276068,ADA-USD
2019-04-03,0.09072300046682358,0.09995800256729126,0.08483999967575073,0.08543699979782104,300935985,ADA-USD
2019-04-04,0.08737000077962875,0.09408800303936005,0.08328299969434738,0.09051799774169922,182769802,ADA-USD
2019-04-05,0.0912259966135025,0.092228002846241,0.08734200149774551,0.08735500276088715,122685904,ADA-USD
2019-04-06,0.09028899669647217,0.09368100017309189,0.08790100365877151,0.09121400117874146,114652738,ADA-USD
2019-04-07,0.09048400074243546,0.09128600358963013,0.08853600174188614,0.09016100317239761,100804121,ADA-USD
2019-04-08,0.087008997797966,0.0916220024228096,0.08334100246429443,0.09046600013971329,134978650,ADA-USD
2019-04-09,0.08374900370836258,0.08701799809932709,0.08170700073242188,0.08698900043964386,122878696,ADA-USD
2019-04-10,0.08996400237083435,0.09247899800539017,0.08353500068187714,0.0837789997458458,131422302,ADA-USD
2019-04-11,0.08338499814271927,0.09071599692106247,0.07762899994850159,0.08992899954319,163656338,ADA-USD
2019-04-12,0.08346299827098846,0.08537600189447403,0.08039700239896774,0.0835840031504631,110371615,ADA-USD
2019-04-13,0.08373100310564041,0.08550699800252914,0.08290699869394302,0.08348499983549118,71755836,ADA-USD
2019-04-14,0.08464299887418747,0.0854789987206459,0.08137200027704239,0.08373100310564041,82514758,ADA-USD
2019-04-15,0.08230700343847275,0.08563400059938431,0.08135999739170074,0.08464299887418747,73555913,ADA-USD
2019-04-16,0.08378300070762634,0.08386000245809555,0.08045099675655365,0.08226499706506729,65962870,ADA-USD
2019-04-17,0.08307400345802307,0.08455999940633774,0.0820780023932457,0.08378499746322632,66210753,ADA-USD
2019-04-18,0.08177500218153,0.08388300240039825,0.08137699961662292,0.08306600153446198,70016366,ADA-USD
2019-04-19,0.0794999971985817,0.08178199827671051,0.0782100036740303,0.08173900097608566,82646736,ADA-USD
2019-04-20,0.07650599628686905,0.0795150026679039,0.07540100067853928,0.0795150026679039,77410325,ADA-USD
2019-04-21,0.07410600036382675,0.07797800004482269,0.07198899984359741,0.076555997133255,89301952,ADA-USD
2019-04-22,0.0780399963259697,0.07937599718570709,0.07222100347280502,0.07410100102424622,90476347,ADA-USD
2019-04-23,0.07452400028705597,0.08033300191164017,0.07432100176811218,0.07806699723005295,100698845,ADA-USD
2019-04-24,0.07264500111341476,0.07583999633789062,0.06873700022697449,0.07452400028705597,90318024,ADA-USD
2019-04-25,0.06924399733543396,0.07603000104427338,0.06866800040006638,0.07264299690723419,96537994,ADA-USD
2019-04-26,0.06921900063753128,0.07082799822092056,0.06688100099563599,0.06934700161218643,83227768,ADA-USD
2019-04-27,0.0701960027217865,0.071602001786232,0.06827399879693985,0.06921099871397018,50161507,ADA-USD
2019-04-28,0.06859099864959717,0.0706460028886795,0.06802000105381012,0.07018899917602539,42979831,ADA-USD
2019-04-29,0.06463100016117096,0.06897000223398209,0.06420399993658066,0.0686199963092804,69287156,ADA-USD
2019-04-30,0.07034599781036377,0.07034599781036377,0.06466100364923477,0.06466100364923477,62990602,ADA-USD
2019-05-01,0.06901399791240692,0.07077000290155411,0.06753300130367279,0.07033800333738327,58865338,ADA-USD
2019-05-02,0.06857900321483612,0.06971000134944916,0.0682779997587204,0.06902000308036804,55122571,ADA-USD
2019-05-03,0.06985799968242645,0.07193700224161148,0.06765200197696686,0.06857500225305557,77726744,ADA-USD
2019-05-04,0.066880002617836,0.07195399701595306,0.0658319965004921,0.06985799968242645,75467767,ADA-USD
2019-05-05,0.06614600121974945,0.06796599924564362,0.06570900231599808,0.06690700352191925,49098473,ADA-USD
2019-05-06,0.06678000092506409,0.06847099959850311,0.06368199735879898,0.06616400182247162,60289464,ADA-USD
2019-05-07,0.06403599679470062,0.0686430037021637,0.06403599679470062,0.06675899773836136,53650714,ADA-USD
2019-05-08,0.06460600346326828,0.06498999893665314,0.062167998403310776,0.06401699781417847,40605280,ADA-USD
2019-05-09,0.06169100105762482,0.06506899744272232,0.060437001287937164,0.06460600346326828,60306853,ADA-USD
2019-05-10,0.06342799961566925,0.0648370012640953,0.059105999767780304,0.061694998294115067,87926146,ADA-USD
2019-05-11,0.07517100125551224,0.07843200117349625,0.06300999969244003,0.06335499882698059,187252193,ADA-USD
2019-05-12,0.07008600234985352,0.07675399631261826,0.06844399869441986,0.07514499872922897,141023789,ADA-USD
2019-05-13,0.07307200133800507,0.07661200314760208,0.06953000277280807,0.07008600234985352,124764723,ADA-USD
2019-05-14,0.08450499922037125,0.0845709964632988,0.07286900281906128,0.07301600277423859,192076841,ADA-USD
2019-05-15,0.09395100176334381,0.09490200132131577,0.08355800062417984,0.08456200361251831,207490352,ADA-USD
2019-05-16,0.08816099911928177,0.10040199756622314,0.08432599902153015,0.09399600327014923,270983572,ADA-USD
2019-05-17,0.08325999975204468,0.09082499891519547,0.07663299888372421,0.08820699900388718,208531470,ADA-USD
2019-05-18,0.0791039988398552,0.08487900346517563,0.07887899875640869,0.08325999975204468,116482955,ADA-USD
2019-05-19,0.08699599653482437,0.08822900056838989,0.07862599939107895,0.07906299829483032,145752504,ADA-USD
2019-05-20,0.08484800159931183,0.08699300140142441,0.080144003033638,0.08696199953556061,133738559,ADA-USD
2019-05-21,0.0846169963479042,0.08644299954175949,0.08245299756526947,0.08484400063753128,97465477,ADA-USD
2019-05-22,0.07795500010251999,0.08545999974012375,0.07767999917268753,0.08460299670696259,130856368,ADA-USD
2019-05-23,0.08068999648094177,0.0806950032711029,0.07418899983167648,0.07791399955749512,101768393,ADA-USD
2019-05-24,0.08086899667978287,0.0833749994635582,0.07844699919223785,0.08072499930858612,106320608,ADA-USD
2019-05-25,0.08050200343132019,0.0825589969754219,0.07975900173187256,0.08086899667978287,62522128,ADA-USD
2019-05-26,0.08601400256156921,0.08693599700927734,0.07869700342416763,0.08050200343132019,111190329,ADA-USD
2019-05-27,0.09169500321149826,0.09347599744796753,0.0853630006313324,0.0860380008816719,171736300,ADA-USD
2019-05-28,0.09281499683856964,0.09324800223112106,0.08762100338935852,0.09154900163412094,180587855,ADA-USD
2019-05-29,0.09086699783802032,0.09376899898052216,0.08616799861192703,0.09287399798631668,154832177,ADA-USD
2019-05-30,0.08450999855995178,0.09676799923181534,0.0817440003156662,0.09083200246095657,232348615,ADA-USD
2019-05-31,0.08944100141525269,0.0899370014667511,0.08187299966812134,0.08450999855995178,136542079,ADA-USD
2019-06-01,0.09053300321102142,0.09281499683856964,0.08639799803495407,0.08946199715137482,151835928,ADA-USD
2019-06-02,0.09657800197601318,0.09751900285482407,0.09061399847269058,0.09069500118494034,187162218,ADA-USD
2019-06-03,0.08870799839496613,0.09834200143814087,0.08847200125455856,0.09658599644899368,227861801,ADA-USD
2019-06-04,0.08248600363731384,0.08844699710607529,0.07982099801301956,0.08844699710607529,184181602,ADA-USD
2019-06-05,0.08343800157308578,0.08511699736118317,0.08047299832105637,0.08271899819374084,118371207,ADA-USD
2019-06-06,0.08347199857234955,0.08397900313138962,0.07893399894237518,0.08339100331068039,154264121,ADA-USD
2019-06-07,0.08580700308084488,0.08767200261354446,0.08276399970054626,0.083406001329422,139056743,ADA-USD
2019-06-08,0.0842130035161972,0.08659400045871735,0.08232200145721436,0.08585599809885025,126559142,ADA-USD
2019-06-09,0.07947000116109848,0.08427800238132477,0.07763099670410156,0.08420500159263611,122067718,ADA-USD
2019-06-10,0.08553700149059296,0.08568499982357025,0.0783500000834465,0.0794299989938736,139307413,ADA-USD
2019-06-11,0.0879649966955185,0.08916900306940079,0.08258900046348572,0.08559499680995941,152723260,ADA-USD
2019-06-12,0.09652499854564667,0.09655400365591049,0.08649300038814545,0.08799800276756287,247353618,ADA-USD
2019-06-13,0.08973900228738785,0.0969879999756813,0.08870399743318558,0.09633100032806396,228176588,ADA-USD
2019-06-14,0.09061899781227112,0.0912489965558052,0.08571100234985352,0.08977600187063217,205015950,ADA-USD
2019-06-15,0.09168300032615662,0.09273800253868103,0.09048499912023544,0.09065700322389603,159441139,ADA-USD
2019-06-16,0.0923210009932518,0.09427899867296219,0.09063299745321274,0.09169500321149826,197578317,ADA-USD
2019-06-17,0.09355700016021729,0.09390799701213837,0.0915519967675209,0.09229099750518799,158000947,ADA-USD
2019-06-18,0.08914799988269806,0.09369800239801407,0.08872099965810776,0.09359599649906158,146225453,ADA-USD
2019-06-19,0.08997900038957596,0.09158200025558472,0.0889509990811348,0.08915500342845917,114753637,ADA-USD
2019-06-20,0.08738499879837036,0.0902630016207695,0.08555900305509567,0.08997900038957596,159470237,ADA-USD
2019-06-21,0.08956199884414673,0.09129399806261063,0.08740299940109253,0.08740299940109253,124230175,ADA-USD
2019-06-22,0.09436699748039246,0.09783399850130081,0.0892530009150505,0.08962900191545486,243264335,ADA-USD
2019-06-23,0.09664399921894073,0.10214400291442871,0.0941229984164238,0.09440299868583679,245604694,ADA-USD
2019-06-24,0.09771899878978729,0.0990699976682663,0.09409800171852112,0.09664399921894073,135761451,ADA-USD
2019-06-25,0.09635700285434723,0.09824199974536896,0.09367100149393082,0.09781300276517868,193143080,ADA-USD
2019-06-26,0.09681999683380127,0.10690999776124954,0.0962119996547699,0.09635700285434723,340512939,ADA-USD
2019-06-27,0.08644899725914001,0.09954900294542313,0.08264400064945221,0.0977569967508316,253512191,ADA-USD
2019-06-28,0.08929499983787537,0.08969099819660187,0.08485999703407288,0.08648200333118439,195954056,ADA-USD
2019-06-29,0.09042199701070786,0.09108900278806686,0.0847340002655983,0.08929699659347534,169271858,ADA-USD
2019-06-30,0.08209799975156784,0.09116800129413605,0.08209799975156784,0.09048599749803543,161855807,ADA-USD
2019-07-01,0.08382199704647064,0.08589500188827515,0.08050400018692017,0.08209799975156784,168654991,ADA-USD
2019-07-02,0.08107700198888779,0.08459799736738205,0.07677700370550156,0.08380000293254852,180980795,ADA-USD
2019-07-03,0.08299800008535385,0.08379200100898743,0.08019699901342392,0.08103299885988235,154492407,ADA-USD
2019-07-04,0.07777400314807892,0.08300700038671494,0.07758799940347672,0.08300700038671494,142713205,ADA-USD
2019-07-05,0.07653199881315231,0.07809100300073624,0.07602699846029282,0.07780499756336212,116391599,ADA-USD
2019-07-06,0.07733500003814697,0.08028999716043472,0.07628899812698364,0.0765179991722107,128961683,ADA-USD
2019-07-07,0.07996399700641632,0.0802609995007515,0.07698199898004532,0.07734599709510803,104984613,ADA-USD
2019-07-08,0.08047600090503693,0.08225899934768677,0.07900399714708328,0.07993199676275253,114339528,ADA-USD
2019-07-09,0.0779929980635643,0.08082100003957748,0.07735399901866913,0.08045200258493423,122935384,ADA-USD
2019-07-10,0.07193999737501144,0.07832200080156326,0.06982500106096268,0.07801199704408646,119999743,ADA-USD
2019-07-11,0.06519900262355804,0.07201100140810013,0.06301499903202057,0.07193399965763092,118873479,ADA-USD
2019-07-12,0.06975399702787399,0.0708409994840622,0.06361699849367142,0.06518100202083588,118155306,ADA-USD
2019-07-13,0.06677000224590302,0.07091899961233139,0.06456699967384338,0.06980500370264053,101320397,ADA-USD
2019-07-14,0.059429001063108444,0.06718400120735168,0.05937099829316139,0.0667949989438057,101190602,ADA-USD
2019-07-15,0.059537000954151154,0.06030000001192093,0.055500999093055725,0.05941300094127655,123473435,ADA-USD
2019-07-16,0.05205199867486954,0.060982998460531235,0.05081700161099434,0.059516001492738724,103254765,ADA-USD
2019-07-17,0.0552389994263649,0.05791100114583969,0.050071001052856445,0.05195299908518791,97931570,ADA-USD
2019-07-18,0.058772001415491104,0.059512000530958176,0.05355599895119667,0.05523499846458435,88644360,ADA-USD
2019-07-19,0.059787001460790634,0.060805998742580414,0.05665900185704231,0.058772001415491104,63433081,ADA-USD
2019-07-20,0.0629580020904541,0.06513199955224991,0.05963300168514252,0.059808000922203064,71844245,ADA-USD
2019-07-21,0.0612029992043972,0.06421399861574173,0.0596419982612133,0.06294400244951248,53461726,ADA-USD
2019-07-22,0.05946600064635277,0.062066998332738876,0.05825899913907051,0.06120799854397774,53620677,ADA-USD
2019-07-23,0.05581200122833252,0.05955599993467331,0.0554019995033741,0.059463001787662506,59728001,ADA-USD
2019-07-24,0.059046000242233276,0.059115998446941376,0.054026998579502106,0.05581200122833252,60954092,ADA-USD
2019-07-25,0.058664001524448395,0.06057300046086311,0.0583919994533062,0.05907300114631653,46420719,ADA-USD
2019-07-26,0.06288400292396545,0.06291300058364868,0.057062000036239624,0.058678001165390015,57109968,ADA-USD
2019-07-27,0.05987099930644035,0.06367699801921844,0.05749699845910072,0.06288400292396545,55521874,ADA-USD
2019-07-28,0.059473998844623566,0.05999999865889549,0.05716300010681152,0.0598750002682209,30475480,ADA-USD
2019-07-29,0.06039299815893173,0.06197499856352806,0.058410000056028366,0.05937900021672249,42220707,ADA-USD
2019-07-30,0.05994400009512901,0.0611799992620945,0.05882599949836731,0.06041400134563446,32759717,ADA-USD
2019-07-31,0.060152001678943634,0.06091399863362312,0.059404999017715454,0.05994199961423874,47344104,ADA-USD
2019-08-01,0.05887199938297272,0.06028800085186958,0.05798399820923805,0.06015999987721443,44730277,ADA-USD
2019-08-02,0.05741199851036072,0.05893599987030029,0.05664699897170067,0.05886400118470192,50056239,ADA-USD
2019-08-03,0.0577629990875721,0.058364998549222946,0.05692100152373314,0.05741700157523155,37149597,ADA-USD
2019-08-04,0.05627100169658661,0.05818499997258186,0.05619300156831741,0.05776999890804291,45039557,ADA-USD
2019-08-05,0.05668000131845474,0.05836300179362297,0.05612799897789955,0.05626999959349632,54461469,ADA-USD
2019-08-06,0.05336900055408478,0.05667800083756447,0.053004998713731766,0.056651998311281204,48272769,ADA-USD
2019-08-07,0.051906000822782516,0.05407499894499779,0.051444001495838165,0.053373999893665314,46290311,ADA-USD
2019-08-08,0.05197000131011009,0.05293300002813339,0.05043400079011917,0.051906000822782516,47971636,ADA-USD
2019-08-09,0.047641001641750336,0.05205800011754036,0.0474729984998703,0.051910001784563065,43195565,ADA-USD
2019-08-10,0.05198099836707115,0.053137000650167465,0.04760799929499626,0.047641001641750336,64446722,ADA-USD
2019-08-11,0.05498100072145462,0.05592799931764603,0.05194700136780739,0.05199199914932251,58526308,ADA-USD
2019-08-12,0.05293799936771393,0.0547959990799427,0.05264899879693985,0.0547959990799427,35518598,ADA-USD
2019-08-13,0.05256099998950958,0.053011998534202576,0.050009001046419144,0.052932001650333405,48509717,ADA-USD
2019-08-14,0.04699999839067459,0.05349599942564964,0.0469679981470108,0.05255400016903877,65540880,ADA-USD
2019-08-15,0.04751899838447571,0.048016998916864395,0.045497000217437744,0.04709000140428543,43373583,ADA-USD
2019-08-16,0.04684099927544594,0.04753600060939789,0.044860001653432846,0.04753600060939789,44228391,ADA-USD
2019-08-17,0.04739300161600113,0.048044998198747635,0.046337999403476715,0.04686899855732918,34826995,ADA-USD
2019-08-18,0.05073099955916405,0.05120899900794029,0.047047000378370285,0.04742399975657463,38253395,ADA-USD
2019-08-19,0.05029800161719322,0.05081300064921379,0.049685999751091,0.050725001841783524,32307052,ADA-USD
2019-08-20,0.049194999039173126,0.050331000238657,0.04884200170636177,0.05025099962949753,32132615,ADA-USD
2019-08-21,0.047113001346588135,0.049226000905036926,0.046045999974012375,0.049226000905036926,43633315,ADA-USD
2019-08-22,0.04941000044345856,0.05116099864244461,0.04673900082707405,0.04715299978852272,60163313,ADA-USD
2019-08-23,0.049789998680353165,0.05026699975132942,0.048902999609708786,0.04941000044345856,54095276,ADA-USD
2019-08-24,0.05017700046300888,0.051190998405218124,0.04831499978899956,0.04980200156569481,87164791,ADA-USD
2019-08-25,0.04943900182843208,0.052604999393224716,0.048712000250816345,0.05017000064253807,104616408,ADA-USD
2019-08-26,0.04969700053334236,0.050944000482559204,0.048893000930547714,0.04945399984717369,86216612,ADA-USD
2019-08-27,0.04983900114893913,0.049949999898672104,0.048179998993873596,0.049706000834703445,38041608,ADA-USD
2019-08-28,0.04582500085234642,0.05033300071954727,0.045701999217271805,0.049862999469041824,65386760,ADA-USD
2019-08-29,0.044697001576423645,0.04583499953150749,0.0433959998190403,0.04583499953150749,53919498,ADA-USD
2019-08-30,0.0448249988257885,0.04585599899291992,0.04425400123000145,0.0447160005569458,51959378,ADA-USD
2019-08-31,0.04498999938368797,0.04558499902486801,0.044082000851631165,0.04482400044798851,44165774,ADA-USD
2019-09-01,0.04454300180077553,0.04535700008273125,0.04372899979352951,0.04495200142264366,31928555,ADA-USD
2019-09-02,0.04536199942231178,0.04611299932003021,0.043421998620033264,0.044555000960826874,42959888,ADA-USD
2019-09-03,0.04677100107073784,0.04739899933338165,0.0447859987616539,0.0453759990632534,63769390,ADA-USD
2019-09-04,0.045517001301050186,0.04678900167346001,0.04521699994802475,0.04678399860858917,40737362,ADA-USD
2019-09-05,0.044436998665332794,0.04554300010204315,0.04395899921655655,0.045504000037908554,47778879,ADA-USD
2019-09-06,0.04441500082612038,0.044762998819351196,0.043793000280857086,0.044436998665332794,44478145,ADA-USD
2019-09-07,0.04619799926877022,0.046585001051425934,0.043848998844623566,0.044426001608371735,40837132,ADA-USD
2019-09-08,0.04671899974346161,0.04765300080180168,0.04621100053191185,0.04621100053191185,46948887,ADA-USD
2019-09-09,0.04693099856376648,0.047210998833179474,0.04550100117921829,0.04670599848031998,64445050,ADA-USD
2019-09-10,0.046509999781847,0.04814000055193901,0.04591500014066696,0.04690299928188324,48839824,ADA-USD
2019-09-11,0.04498999938368797,0.04663899913430214,0.044585999101400375,0.04649600014090538,51727434,ADA-USD
2019-09-12,0.045451998710632324,0.04641399905085564,0.044422999024391174,0.044992998242378235,43222873,ADA-USD
2019-09-13,0.04575299844145775,0.045795001089572906,0.04496299847960472,0.045462001115083694,38257028,ADA-USD
2019-09-14,0.04652399942278862,0.04708800092339516,0.044961001724004745,0.04575800150632858,51690256,ADA-USD
2019-09-15,0.04679900035262108,0.04711399972438812,0.04623100161552429,0.04650700092315674,41237029,ADA-USD
2019-09-16,0.04707099869847298,0.047662001103162766,0.04609899967908859,0.04681500047445297,45484816,ADA-USD
2019-09-17,0.049008000642061234,0.050429001450538635,0.047106001526117325,0.047109998762607574,85720810,ADA-USD
2019-09-18,0.05329199880361557,0.05492100119590759,0.04886600002646446,0.048948999494314194,138254972,ADA-USD
2019-09-19,0.05250399932265282,0.054614000022411346,0.04990699887275696,0.05329599976539612,129365460,ADA-USD
2019-09-20,0.05234000086784363,0.052556999027729034,0.050519999116659164,0.05249100178480148,96532515,ADA-USD
2019-09-21,0.05192200094461441,0.05334800109267235,0.0513480007648468,0.05233500152826309,81964426,ADA-USD
2019-09-22,0.04911100119352341,0.0519540011882782,0.047857001423835754,0.05189400166273117,86152016,ADA-USD
2019-09-23,0.04626400023698807,0.04955499991774559,0.04626400023698807,0.04904500022530556,70372238,ADA-USD
2019-09-24,0.03757299855351448,0.04666600003838539,0.03602299839258194,0.04625900089740753,118474846,ADA-USD
2019-09-25,0.039395999163389206,0.04033400118350983,0.0363520011305809,0.0376100018620491,126192409,ADA-USD
2019-09-26,0.03822899982333183,0.04028699919581413,0.03564300015568733,0.0394119992852211,98838747,ADA-USD
2019-09-27,0.039531998336315155,0.03992399945855141,0.03720900043845177,0.03822999820113182,80670015,ADA-USD
2019-09-28,0.03882699832320213,0.03976599872112274,0.03844499960541725,0.03951000049710274,39805246,ADA-USD
2019-09-29,0.0374860018491745,0.03891700133681297,0.03664200007915497,0.03882800042629242,43311030,ADA-USD
2019-09-30,0.038885001093149185,0.03928700089454651,0.036421999335289,0.037473998963832855,57274489,ADA-USD
2019-10-01,0.03850699961185455,0.03995800018310547,0.03839600086212158,0.03888599947094917,38320346,ADA-USD
2019-10-02,0.039445001631975174,0.03951599821448326,0.03786800056695938,0.03850699961185455,36838966,ADA-USD
2019-10-03,0.03836100175976753,0.03972800076007843,0.03787599876523018,0.039400000125169754,37098921,ADA-USD
2019-10-04,0.039666999131441116,0.04038500040769577,0.037911999970674515,0.03836200013756752,48050293,ADA-USD
2019-10-05,0.039730001240968704,0.03999299928545952,0.03884400054812431,0.03965499997138977,37111643,ADA-USD
2019-10-06,0.03932400047779083,0.04032300040125847,0.03885100036859512,0.039712999016046524,38119872,ADA-USD
2019-10-07,0.0416719987988472,0.04189800098538399,0.03863000124692917,0.03930500149726868,69132008,ADA-USD
2019-10-08,0.04144100099802017,0.042180001735687256,0.040504999458789825,0.04167599976062775,56654020,ADA-USD
2019-10-09,0.042628999799489975,0.04331300035119057,0.04097200185060501,0.04144199937582016,61997644,ADA-USD
2019-10-10,0.04166100174188614,0.04264099895954132,0.040856000036001205,0.042628999799489975,51703356,ADA-USD
2019-10-11,0.040623001754283905,0.04216499999165535,0.04056200012564659,0.041701000183820724,46907955,ADA-USD
2019-10-12,0.04054199904203415,0.04123599827289581,0.04048199951648712,0.040539998561143875,34809571,ADA-USD
2019-10-13,0.04132499918341637,0.04180099815130234,0.040511999279260635,0.040539998561143875,34184265,ADA-USD
2019-10-14,0.04178899899125099,0.04216200113296509,0.041110001504421234,0.04132499918341637,41060021,ADA-USD
2019-10-15,0.03976599872112274,0.04194800183176994,0.03936700150370598,0.0417959988117218,47200974,ADA-USD
2019-10-16,0.03874099999666214,0.03995199874043465,0.037804000079631805,0.03976000100374222,44617564,ADA-USD
2019-10-17,0.03952400013804436,0.03953300043940544,0.038169000297784805,0.038725998252630234,36229682,ADA-USD
2019-10-18,0.03807299956679344,0.03959399834275246,0.03759099915623665,0.03952699899673462,39606481,ADA-USD
2019-10-19,0.03922500088810921,0.03967199847102165,0.037831999361515045,0.038079001009464264,40431591,ADA-USD
2019-10-20,0.03952899947762489,0.039618998765945435,0.03844299912452698,0.03921699896454811,33137956,ADA-USD
2019-10-21,0.0392800010740757,0.03955899924039841,0.038694001734256744,0.03954299911856651,36963296,ADA-USD
2019-10-22,0.038816001266241074,0.040109001100063324,0.03880999982357025,0.039271000772714615,39376929,ADA-USD
2019-10-23,0.03640900179743767,0.038979001343250275,0.03578599914908409,0.03881999850273132,48257598,ADA-USD
2019-10-24,0.03768499940633774,0.03810900077223778,0.03620300069451332,0.03640900179743767,49800738,ADA-USD
2019-10-25,0.04124600067734718,0.04179900139570236,0.03758100047707558,0.03767799958586693,80455621,ADA-USD
2019-10-26,0.040546998381614685,0.04317700117826462,0.0396680012345314,0.04121999815106392,122861125,ADA-USD
2019-10-27,0.04233499988913536,0.04298499971628189,0.0396369993686676,0.04053699970245361,122643093,ADA-USD
2019-10-28,0.0423629991710186,0.0445530004799366,0.04205099865794182,0.04231499880552292,101906301,ADA-USD
2019-10-29,0.04344400018453598,0.04381899908185005,0.04225900024175644,0.04232800006866455,83357024,ADA-USD
2019-10-30,0.0419670008122921,0.04433700069785118,0.04133399948477745,0.043428000062704086,87541890,ADA-USD
2019-10-31,0.04163600131869316,0.042791999876499176,0.040456000715494156,0.04196299985051155,65333067,ADA-USD
2019-11-01,0.04234499856829643,0.042858000844717026,0.04123999923467636,0.041645001620054245,60880837,ADA-USD
2019-11-02,0.04259900003671646,0.04274500161409378,0.042068999260663986,0.04233599826693535,47127524,ADA-USD
2019-11-03,0.041930001229047775,0.04268399998545647,0.04135800153017044,0.04258099943399429,38559537,ADA-USD
2019-11-04,0.04323599860072136,0.04325700178742409,0.041606999933719635,0.0418890006840229,62120503,ADA-USD
2019-11-05,0.0443280003964901,0.04492799937725067,0.04323200136423111,0.04326099902391434,82868890,ADA-USD
2019-11-06,0.04495599865913391,0.046105001121759415,0.04382599890232086,0.044300999492406845,71743244,ADA-USD
2019-11-07,0.043637000024318695,0.04501799866557121,0.04272399842739105,0.04492799937725067,63525683,ADA-USD
2019-11-08,0.04229699820280075,0.04383699968457222,0.04137999936938286,0.043643999844789505,70275428,ADA-USD
2019-11-09,0.042445000261068344,0.04275500029325485,0.042139001190662384,0.04229800030589104,41365742,ADA-USD
2019-11-10,0.04395800083875656,0.0442270003259182,0.04238799959421158,0.042438000440597534,71691725,ADA-USD
2019-11-11,0.0431939996778965,0.04412199929356575,0.04249899834394455,0.043970998376607895,57846910,ADA-USD
2019-11-12,0.04376700147986412,0.044631000608205795,0.043226998299360275,0.04325700178742409,79520150,ADA-USD
2019-11-13,0.04349200055003166,0.044043999165296555,0.04332000017166138,0.0437219999730587,42332678,ADA-USD
2019-11-14,0.043118998408317566,0.043549999594688416,0.042399000376462936,0.0434890016913414,53295194,ADA-USD
2019-11-15,0.043974000960588455,0.04443199932575226,0.04232899844646454,0.043129999190568924,81592975,ADA-USD
2019-11-16,0.044172000139951706,0.04465499892830849,0.04351099953055382,0.043977998197078705,61781146,ADA-USD
2019-11-17,0.04542100057005882,0.04642299935221672,0.04366999864578247,0.04415300115942955,74834540,ADA-USD
2019-11-18,0.04380200058221817,0.04665200039744377,0.043542999774217606,0.045402999967336655,106595679,ADA-USD
2019-11-19,0.042541999369859695,0.044450998306274414,0.04138299822807312,0.04369699954986572,91311583,ADA-USD
2019-11-20,0.04117799922823906,0.04279400035738945,0.04080900177359581,0.0425879992544651,69854304,ADA-USD
2019-11-21,0.038405999541282654,0.041248999536037445,0.0377269983291626,0.041168998926877975,67101708,ADA-USD
2019-11-22,0.03714799880981445,0.03868500143289566,0.03461100161075592,0.038447000086307526,93310136,ADA-USD
2019-11-23,0.038343001157045364,0.038423001766204834,0.03670100122690201,0.03715899959206581,58979321,ADA-USD
2019-11-24,0.03558799996972084,0.03891599923372269,0.03555599972605705,0.038371000438928604,62998664,ADA-USD
2019-11-25,0.03604799881577492,0.03718400001525879,0.03333599865436554,0.03554299846291542,96694224,ADA-USD
2019-11-26,0.03699300065636635,0.037073999643325806,0.035705000162124634,0.036045998334884644,57431470,ADA-USD
2019-11-27,0.039048999547958374,0.039799999445676804,0.03578300029039383,0.03695499897003174,76841561,ADA-USD
2019-11-28,0.03919000178575516,0.03999000042676926,0.03864099830389023,0.039129000157117844,60743403,ADA-USD
2019-11-29,0.041423000395298004,0.04204000160098076,0.03919399902224541,0.03922700136899948,99506198,ADA-USD
2019-11-30,0.040424998849630356,0.04226800054311752,0.04006800055503845,0.041416000574827194,64184926,ADA-USD
2019-12-01,0.03958699852228165,0.04042600095272064,0.03846700116991997,0.04042600095272064,59641355,ADA-USD
2019-12-02,0.03805600106716156,0.0397690013051033,0.03757999837398529,0.039611998945474625,43069274,ADA-USD
2019-12-03,0.03791699931025505,0.03876100108027458,0.03722599893808365,0.038047000765800476,34356883,ADA-USD
2019-12-04,0.037404999136924744,0.03853299841284752,0.03655000030994415,0.03790599852800369,51692274,ADA-USD
2019-12-05,0.03787099942564964,0.038979001343250275,0.03696899861097336,0.03740200027823448,39975672,ADA-USD
2019-12-06,0.0383169986307621,0.03832300007343292,0.0374779999256134,0.03787900134921074,30049656,ADA-USD
2019-12-07,0.038757000118494034,0.0392489992082119,0.03819499909877777,0.038311999291181564,30151245,ADA-USD
2019-12-08,0.038947999477386475,0.0392410010099411,0.03838599845767021,0.038752999156713486,25653004,ADA-USD
2019-12-09,0.03748299926519394,0.03897399827837944,0.037422001361846924,0.03893199935555458,31176739,ADA-USD
